"INFORMATION TYPE","DATE","PERIOD","USEP ($/MWh)","LCP ($/MWh)","DEMAND (MW)","TCL (MW)"
"USEP","01 Jul 2021","1","113.39","0.00","5796.407","0.000"
"USEP","01 Jul 2021","2","106.90","0.00","5698.358","0.000"
"USEP","01 Jul 2021","3","99.94","0.00","5640.403","0.000"
"USEP","01 Jul 2021","4","95.79","0.00","5564.670","0.000"
"USEP","01 Jul 2021","5","95.77","0.00","5506.258","0.000"
"USEP","01 Jul 2021","6","92.45","0.00","5458.377","0.000"
"USEP","01 Jul 2021","7","91.68","0.00","5433.438","0.000"
"USEP","01 Jul 2021","8","91.68","0.00","5429.516","0.000"
"USEP","01 Jul 2021","9","91.63","0.00","5421.748","0.000"
"USEP","01 Jul 2021","10","91.68","0.00","5436.931","0.000"
"USEP","01 Jul 2021","11","96.89","0.00","5513.872","0.000"
"USEP","01 Jul 2021","12","99.87","0.00","5670.049","0.000"
"USEP","01 Jul 2021","13","113.31","0.00","5844.551","0.000"
"USEP","01 Jul 2021","14","139.67","0.00","6001.429","0.000"
"USEP","01 Jul 2021","15","102.90","0.00","6177.496","0.000"
"USEP","01 Jul 2021","16","110.45","0.00","6405.018","0.000"
"USEP","01 Jul 2021","17","162.51","0.00","6640.367","0.000"
"USEP","01 Jul 2021","18","138.39","0.00","6761.258","0.000"
"USEP","01 Jul 2021","19","160.51","0.00","6838.596","0.000"
"USEP","01 Jul 2021","20","206.76","0.00","6901.998","0.000"
"USEP","01 Jul 2021","21","244.14","0.00","6952.120","0.000"
"USEP","01 Jul 2021","22","280.41","0.00","6962.473","0.000"
"USEP","01 Jul 2021","23","280.40","0.00","6942.300","0.000"
"USEP","01 Jul 2021","24","280.40","0.00","6882.749","0.000"
"USEP","01 Jul 2021","25","168.93","0.00","6837.686","0.000"
"USEP","01 Jul 2021","26","258.28","0.00","6839.749","0.000"
"USEP","01 Jul 2021","27","289.02","0.00","6917.186","0.000"
"USEP","01 Jul 2021","28","374.95","0.00","6968.427","0.000"
"USEP","01 Jul 2021","29","351.70","0.00","6971.305","0.000"
"USEP","01 Jul 2021","30","351.67","0.00","6966.469","0.000"
"USEP","01 Jul 2021","31","317.49","0.00","6944.820","0.000"
"USEP","01 Jul 2021","32","291.72","0.00","6966.613","0.000"
"USEP","01 Jul 2021","33","291.68","0.00","6963.169","0.000"
"USEP","01 Jul 2021","34","291.57","0.00","6954.968","0.000"
"USEP","01 Jul 2021","35","231.29","0.00","6895.984","0.000"
"USEP","01 Jul 2021","36","149.90","0.00","6797.076","0.000"
"USEP","01 Jul 2021","37","190.95","0.00","6761.849","0.000"
"USEP","01 Jul 2021","38","273.44","0.00","6793.945","0.000"
"USEP","01 Jul 2021","39","280.41","0.00","6824.665","0.000"
"USEP","01 Jul 2021","40","280.20","0.00","6808.507","0.000"
"USEP","01 Jul 2021","41","231.19","0.00","6771.859","0.000"
"USEP","01 Jul 2021","42","254.03","0.00","6746.631","0.000"
"USEP","01 Jul 2021","43","166.63","0.00","6674.755","0.000"
"USEP","01 Jul 2021","44","231.24","0.00","6549.173","0.000"
"USEP","01 Jul 2021","45","165.27","0.00","6412.408","0.000"
"USEP","01 Jul 2021","46","138.17","0.00","6291.294","0.000"
"USEP","01 Jul 2021","47","163.61","0.00","6149.053","0.000"
"USEP","01 Jul 2021","48","144.66","0.00","6031.040","0.000"
"USEP","02 Jul 2021","1","142.49","0.00","5919.369","0.000"
"USEP","02 Jul 2021","2","138.78","0.00","5813.608","0.000"
"USEP","02 Jul 2021","3","117.64","0.00","5709.362","0.000"
"USEP","02 Jul 2021","4","112.53","0.00","5621.328","0.000"
"USEP","02 Jul 2021","5","106.18","0.00","5573.736","0.000"
"USEP","02 Jul 2021","6","100.79","0.00","5531.322","0.000"
"USEP","02 Jul 2021","7","103.82","0.00","5505.682","0.000"
"USEP","02 Jul 2021","8","99.67","0.00","5458.576","0.000"
"USEP","02 Jul 2021","9","99.67","0.00","5469.843","0.000"
"USEP","02 Jul 2021","10","99.67","0.00","5475.772","0.000"
"USEP","02 Jul 2021","11","103.82","0.00","5553.190","0.000"
"USEP","02 Jul 2021","12","113.76","0.00","5702.344","0.000"
"USEP","02 Jul 2021","13","139.69","0.00","5882.591","0.000"
"USEP","02 Jul 2021","14","161.88","0.00","6034.271","0.000"
"USEP","02 Jul 2021","15","132.98","0.00","6207.644","0.000"
"USEP","02 Jul 2021","16","140.21","0.00","6440.688","0.000"
"USEP","02 Jul 2021","17","253.98","0.00","6662.891","0.000"
"USEP","02 Jul 2021","18","368.38","0.00","6801.420","0.000"
"USEP","02 Jul 2021","19","380.41","0.00","6865.011","0.000"
"USEP","02 Jul 2021","20","386.66","0.00","6926.465","0.000"
"USEP","02 Jul 2021","21","389.29","0.00","6973.740","0.000"
"USEP","02 Jul 2021","22","271.40","258.56","6981.189","11.000"
"USEP","02 Jul 2021","23","271.37","0.00","6995.837","0.000"
"USEP","02 Jul 2021","24","247.37","0.00","6939.671","0.000"
"USEP","02 Jul 2021","25","190.81","0.00","6880.478","0.000"
"USEP","02 Jul 2021","26","240.58","0.00","6871.139","0.000"
"USEP","02 Jul 2021","27","240.62","0.00","6913.901","0.000"
"USEP","02 Jul 2021","28","285.58","0.00","6992.392","0.000"
"USEP","02 Jul 2021","29","365.55","0.00","7039.523","0.000"
"USEP","02 Jul 2021","30","352.19","0.00","7035.597","0.000"
"USEP","02 Jul 2021","31","351.82","0.00","7015.066","0.000"
"USEP","02 Jul 2021","32","351.88","0.00","7025.110","0.000"
"USEP","02 Jul 2021","33","351.80","0.00","7015.582","0.000"
"USEP","02 Jul 2021","34","328.99","0.00","6986.046","0.000"
"USEP","02 Jul 2021","35","234.69","0.00","6915.815","0.000"
"USEP","02 Jul 2021","36","168.87","0.00","6844.132","0.000"
"USEP","02 Jul 2021","37","138.35","0.00","6768.966","0.000"
"USEP","02 Jul 2021","38","168.81","0.00","6774.264","0.000"
"USEP","02 Jul 2021","39","172.07","0.00","6769.503","0.000"
"USEP","02 Jul 2021","40","172.06","0.00","6748.952","0.000"
"USEP","02 Jul 2021","41","190.86","0.00","6689.406","0.000"
"USEP","02 Jul 2021","42","221.35","0.00","6656.569","0.000"
"USEP","02 Jul 2021","43","180.10","0.00","6596.378","0.000"
"USEP","02 Jul 2021","44","168.57","0.00","6479.642","0.000"
"USEP","02 Jul 2021","45","154.20","0.00","6366.684","0.000"
"USEP","02 Jul 2021","46","131.82","0.00","6254.447","0.000"
"USEP","02 Jul 2021","47","110.45","0.00","6138.233","0.000"
"USEP","02 Jul 2021","48","118.60","0.00","6110.550","0.000"
"USEP","03 Jul 2021","1","125.51","0.00","6067.068","0.000"
"USEP","03 Jul 2021","2","116.39","0.00","5969.303","0.000"
"USEP","03 Jul 2021","3","106.94","0.00","5781.139","0.000"
"USEP","03 Jul 2021","4","106.60","0.00","5702.543","0.000"
"USEP","03 Jul 2021","5","106.42","0.00","5641.367","0.000"
"USEP","03 Jul 2021","6","102.72","0.00","5578.343","0.000"
"USEP","03 Jul 2021","7","93.14","0.00","5544.641","0.000"
"USEP","03 Jul 2021","8","93.08","0.00","5516.024","0.000"
"USEP","03 Jul 2021","9","93.07","0.00","5501.104","0.000"
"USEP","03 Jul 2021","10","92.97","0.00","5498.768","0.000"
"USEP","03 Jul 2021","11","92.16","0.00","5515.378","0.000"
"USEP","03 Jul 2021","12","93.12","0.00","5580.619","0.000"
"USEP","03 Jul 2021","13","96.73","0.00","5646.347","0.000"
"USEP","03 Jul 2021","14","97.27","0.00","5713.358","0.000"
"USEP","03 Jul 2021","15","107.90","0.00","5788.455","0.000"
"USEP","03 Jul 2021","16","112.58","0.00","5943.623","0.000"
"USEP","03 Jul 2021","17","134.22","0.00","6133.288","0.000"
"USEP","03 Jul 2021","18","108.75","0.00","6248.279","0.000"
"USEP","03 Jul 2021","19","113.58","0.00","6360.069","0.000"
"USEP","03 Jul 2021","20","118.96","0.00","6430.867","0.000"
"USEP","03 Jul 2021","21","138.18","0.00","6502.425","0.000"
"USEP","03 Jul 2021","22","153.07","0.00","6531.191","0.000"
"USEP","03 Jul 2021","23","153.10","0.00","6525.675","0.000"
"USEP","03 Jul 2021","24","121.27","0.00","6449.007","0.000"
"USEP","03 Jul 2021","25","117.82","0.00","6413.835","0.000"
"USEP","03 Jul 2021","26","113.55","0.00","6383.523","0.000"
"USEP","03 Jul 2021","27","116.88","0.00","6374.358","0.000"
"USEP","03 Jul 2021","28","112.83","0.00","6351.759","0.000"
"USEP","03 Jul 2021","29","113.27","0.00","6356.590","0.000"
"USEP","03 Jul 2021","30","117.83","0.00","6377.285","0.000"
"USEP","03 Jul 2021","31","125.72","0.00","6403.194","0.000"
"USEP","03 Jul 2021","32","119.37","0.00","6394.417","0.000"
"USEP","03 Jul 2021","33","113.55","0.00","6351.710","0.000"
"USEP","03 Jul 2021","34","114.14","0.00","6341.481","0.000"
"USEP","03 Jul 2021","35","113.15","0.00","6317.347","0.000"
"USEP","03 Jul 2021","36","113.05","0.00","6305.101","0.000"
"USEP","03 Jul 2021","37","113.57","0.00","6320.593","0.000"
"USEP","03 Jul 2021","38","123.28","0.00","6371.108","0.000"
"USEP","03 Jul 2021","39","124.52","0.00","6438.039","0.000"
"USEP","03 Jul 2021","40","138.26","0.00","6460.702","0.000"
"USEP","03 Jul 2021","41","144.76","0.00","6479.225","0.000"
"USEP","03 Jul 2021","42","143.68","0.00","6484.419","0.000"
"USEP","03 Jul 2021","43","147.66","0.00","6477.321","0.000"
"USEP","03 Jul 2021","44","138.16","0.00","6407.901","0.000"
"USEP","03 Jul 2021","45","114.37","0.00","6279.411","0.000"
"USEP","03 Jul 2021","46","109.59","0.00","6154.972","0.000"
"USEP","03 Jul 2021","47","107.40","0.00","6049.434","0.000"
"USEP","03 Jul 2021","48","117.51","0.00","5957.320","0.000"
"USEP","04 Jul 2021","1","110.87","0.00","5843.269","0.000"
"USEP","04 Jul 2021","2","107.27","0.00","5754.157","0.000"
"USEP","04 Jul 2021","3","106.48","0.00","5672.514","0.000"
"USEP","04 Jul 2021","4","102.84","0.00","5601.767","0.000"
"USEP","04 Jul 2021","5","97.13","0.00","5542.226","0.000"
"USEP","04 Jul 2021","6","94.42","0.00","5501.840","0.000"
"USEP","04 Jul 2021","7","93.57","0.00","5455.221","0.000"
"USEP","04 Jul 2021","8","92.81","0.00","5426.475","0.000"
"USEP","04 Jul 2021","9","92.82","0.00","5402.996","0.000"
"USEP","04 Jul 2021","10","91.43","0.00","5388.201","0.000"
"USEP","04 Jul 2021","11","91.42","0.00","5406.813","0.000"
"USEP","04 Jul 2021","12","91.43","0.00","5421.470","0.000"
"USEP","04 Jul 2021","13","91.58","0.00","5447.160","0.000"
"USEP","04 Jul 2021","14","91.29","0.00","5461.901","0.000"
"USEP","04 Jul 2021","15","92.55","0.00","5501.790","0.000"
"USEP","04 Jul 2021","16","93.78","0.00","5563.771","0.000"
"USEP","04 Jul 2021","17","97.83","0.00","5686.714","0.000"
"USEP","04 Jul 2021","18","109.90","0.00","5812.166","0.000"
"USEP","04 Jul 2021","19","112.52","0.00","5897.690","0.000"
"USEP","04 Jul 2021","20","113.06","0.00","5981.678","0.000"
"USEP","04 Jul 2021","21","116.74","0.00","6045.841","0.000"
"USEP","04 Jul 2021","22","107.43","0.00","6061.079","0.000"
"USEP","04 Jul 2021","23","94.52","0.00","6063.375","0.000"
"USEP","04 Jul 2021","24","93.37","0.00","6030.290","0.000"
"USEP","04 Jul 2021","25","93.20","0.00","6020.355","0.000"
"USEP","04 Jul 2021","26","94.84","0.00","6011.677","0.000"
"USEP","04 Jul 2021","27","94.91","0.00","6029.430","0.000"
"USEP","04 Jul 2021","28","94.92","0.00","6036.323","0.000"
"USEP","04 Jul 2021","29","94.84","0.00","6028.635","0.000"
"USEP","04 Jul 2021","30","94.84","0.00","6012.681","0.000"
"USEP","04 Jul 2021","31","94.80","0.00","5993.373","0.000"
"USEP","04 Jul 2021","32","94.60","0.00","5967.126","0.000"
"USEP","04 Jul 2021","33","93.37","0.00","5939.349","0.000"
"USEP","04 Jul 2021","34","93.36","0.00","5954.507","0.000"
"USEP","04 Jul 2021","35","94.79","0.00","5977.056","0.000"
"USEP","04 Jul 2021","36","94.80","0.00","5991.077","0.000"
"USEP","04 Jul 2021","37","95.00","0.00","6051.189","0.000"
"USEP","04 Jul 2021","38","97.84","0.00","6147.542","0.000"
"USEP","04 Jul 2021","39","105.94","0.00","6240.585","0.000"
"USEP","04 Jul 2021","40","109.75","0.00","6285.738","0.000"
"USEP","04 Jul 2021","41","110.04","0.00","6325.612","0.000"
"USEP","04 Jul 2021","42","112.81","0.00","6375.064","0.000"
"USEP","04 Jul 2021","43","111.94","0.00","6349.259","0.000"
"USEP","04 Jul 2021","44","110.05","0.00","6268.616","0.000"
"USEP","04 Jul 2021","45","105.93","0.00","6155.539","0.000"
"USEP","04 Jul 2021","46","97.84","0.00","6038.858","0.000"
"USEP","04 Jul 2021","47","97.82","0.00","5913.878","0.000"
"USEP","04 Jul 2021","48","93.46","0.00","5739.942","0.000"
"USEP","05 Jul 2021","1","93.31","0.00","5556.251","0.000"
"USEP","05 Jul 2021","2","92.21","0.00","5460.897","0.000"
"USEP","05 Jul 2021","3","93.30","0.00","5481.070","0.000"
"USEP","05 Jul 2021","4","91.77","0.00","5401.172","0.000"
"USEP","05 Jul 2021","5","91.35","0.00","5363.187","0.000"
"USEP","05 Jul 2021","6","91.20","0.00","5342.874","0.000"
"USEP","05 Jul 2021","7","91.14","0.00","5312.706","0.000"
"USEP","05 Jul 2021","8","91.14","0.00","5299.521","0.000"
"USEP","05 Jul 2021","9","91.14","0.00","5306.832","0.000"
"USEP","05 Jul 2021","10","91.19","0.00","5325.072","0.000"
"USEP","05 Jul 2021","11","91.75","0.00","5405.710","0.000"
"USEP","05 Jul 2021","12","97.10","0.00","5567.026","0.000"
"USEP","05 Jul 2021","13","105.75","0.00","5752.049","0.000"
"USEP","05 Jul 2021","14","107.90","0.00","5931.064","0.000"
"USEP","05 Jul 2021","15","94.17","0.00","6088.996","0.000"
"USEP","05 Jul 2021","16","97.50","0.00","6341.079","0.000"
"USEP","05 Jul 2021","17","97.87","0.00","6609.509","0.000"
"USEP","05 Jul 2021","18","99.01","0.00","6771.839","0.000"
"USEP","05 Jul 2021","19","105.65","0.00","6880.269","0.000"
"USEP","05 Jul 2021","20","107.98","0.00","6923.354","0.000"
"USEP","05 Jul 2021","21","109.70","0.00","6958.586","0.000"
"USEP","05 Jul 2021","22","108.68","0.00","6973.680","0.000"
"USEP","05 Jul 2021","23","108.04","0.00","6937.061","0.000"
"USEP","05 Jul 2021","24","108.04","0.00","6907.723","0.000"
"USEP","05 Jul 2021","25","105.95","0.00","6856.070","0.000"
"USEP","05 Jul 2021","26","108.03","0.00","6859.529","0.000"
"USEP","05 Jul 2021","27","108.03","0.00","6899.374","0.000"
"USEP","05 Jul 2021","28","110.07","0.00","6969.058","0.000"
"USEP","05 Jul 2021","29","108.02","0.00","6929.676","0.000"
"USEP","05 Jul 2021","30","108.03","0.00","6904.041","0.000"
"USEP","05 Jul 2021","31","104.02","0.00","6871.129","0.000"
"USEP","05 Jul 2021","32","104.36","0.00","6871.785","0.000"
"USEP","05 Jul 2021","33","103.69","0.00","6881.715","0.000"
"USEP","05 Jul 2021","34","107.99","0.00","6911.779","0.000"
"USEP","05 Jul 2021","35","101.27","0.00","6862.313","0.000"
"USEP","05 Jul 2021","36","98.78","0.00","6801.659","0.000"
"USEP","05 Jul 2021","37","98.61","0.00","6746.447","0.000"
"USEP","05 Jul 2021","38","108.01","0.00","6779.830","0.000"
"USEP","05 Jul 2021","39","108.03","0.00","6787.559","0.000"
"USEP","05 Jul 2021","40","108.03","0.00","6787.782","0.000"
"USEP","05 Jul 2021","41","110.81","0.00","6766.034","0.000"
"USEP","05 Jul 2021","42","120.04","0.00","6755.746","0.000"
"USEP","05 Jul 2021","43","118.88","0.00","6679.456","0.000"
"USEP","05 Jul 2021","44","117.72","0.00","6551.867","0.000"
"USEP","05 Jul 2021","45","108.03","0.00","6392.772","0.000"
"USEP","05 Jul 2021","46","99.69","0.00","6242.365","0.000"
"USEP","05 Jul 2021","47","97.89","0.00","6096.356","0.000"
"USEP","05 Jul 2021","48","96.24","0.00","5933.102","0.000"
"USEP","06 Jul 2021","1","107.79","0.00","5782.083","0.000"
"USEP","06 Jul 2021","2","97.71","0.00","5674.050","0.000"
"USEP","06 Jul 2021","3","106.42","0.00","5632.352","0.000"
"USEP","06 Jul 2021","4","97.70","0.00","5557.012","0.000"
"USEP","06 Jul 2021","5","97.24","0.00","5511.308","0.000"
"USEP","06 Jul 2021","6","93.46","0.00","5463.879","0.000"
"USEP","06 Jul 2021","7","93.46","0.00","5442.876","0.000"
"USEP","06 Jul 2021","8","92.76","0.00","5394.120","0.000"
"USEP","06 Jul 2021","9","91.78","0.00","5383.370","0.000"
"USEP","06 Jul 2021","10","92.50","0.00","5398.041","0.000"
"USEP","06 Jul 2021","11","93.04","0.00","5485.672","0.000"
"USEP","06 Jul 2021","12","107.49","0.00","5652.346","0.000"
"USEP","06 Jul 2021","13","107.95","0.00","5840.754","0.000"
"USEP","06 Jul 2021","14","107.97","0.00","6009.411","0.000"
"USEP","06 Jul 2021","15","97.85","0.00","6190.582","0.000"
"USEP","06 Jul 2021","16","100.20","0.00","6404.079","0.000"
"USEP","06 Jul 2021","17","107.95","0.00","6635.223","0.000"
"USEP","06 Jul 2021","18","108.00","0.00","6781.928","0.000"
"USEP","06 Jul 2021","19","99.07","0.00","6868.620","0.000"
"USEP","06 Jul 2021","20","100.30","0.00","6936.356","0.000"
"USEP","06 Jul 2021","21","108.02","0.00","6988.556","0.000"
"USEP","06 Jul 2021","22","108.04","0.00","7012.625","0.000"
"USEP","06 Jul 2021","23","109.13","0.00","7020.920","0.000"
"USEP","06 Jul 2021","24","108.01","0.00","6959.735","0.000"
"USEP","06 Jul 2021","25","98.58","0.00","6926.326","0.000"
"USEP","06 Jul 2021","26","97.91","0.00","6906.585","0.000"
"USEP","06 Jul 2021","27","108.00","0.00","6969.535","0.000"
"USEP","06 Jul 2021","28","108.03","0.00","7012.287","0.000"
"USEP","06 Jul 2021","29","108.03","0.00","7041.029","0.000"
"USEP","06 Jul 2021","30","108.04","0.00","7043.062","0.000"
"USEP","06 Jul 2021","31","108.04","0.00","7006.850","0.000"
"USEP","06 Jul 2021","32","108.01","0.00","7002.983","0.000"
"USEP","06 Jul 2021","33","108.01","0.00","6979.719","0.000"
"USEP","06 Jul 2021","34","102.75","0.00","6950.068","0.000"
"USEP","06 Jul 2021","35","97.91","0.00","6875.920","0.000"
"USEP","06 Jul 2021","36","97.91","0.00","6790.476","0.000"
"USEP","06 Jul 2021","37","108.01","0.00","6746.015","0.000"
"USEP","06 Jul 2021","38","108.01","0.00","6753.161","0.000"
"USEP","06 Jul 2021","39","108.00","0.00","6738.291","0.000"
"USEP","06 Jul 2021","40","108.01","0.00","6726.000","0.000"
"USEP","06 Jul 2021","41","102.65","0.00","6680.048","0.000"
"USEP","06 Jul 2021","42","108.00","0.00","6660.431","0.000"
"USEP","06 Jul 2021","43","108.02","0.00","6592.188","0.000"
"USEP","06 Jul 2021","44","108.03","0.00","6465.259","0.000"
"USEP","06 Jul 2021","45","107.99","0.00","6312.109","0.000"
"USEP","06 Jul 2021","46","97.88","0.00","6161.811","0.000"
"USEP","06 Jul 2021","47","97.88","0.00","6049.931","0.000"
"USEP","06 Jul 2021","48","97.73","0.00","5892.308","0.000"
"USEP","07 Jul 2021","1","107.94","0.00","5730.663","0.000"
"USEP","07 Jul 2021","2","107.76","0.00","5595.340","0.000"
"USEP","07 Jul 2021","3","107.74","0.00","5575.644","0.000"
"USEP","07 Jul 2021","4","97.68","0.00","5506.899","0.000"
"USEP","07 Jul 2021","5","97.22","0.00","5450.614","0.000"
"USEP","07 Jul 2021","6","92.65","0.00","5398.439","0.000"
"USEP","07 Jul 2021","7","92.54","0.00","5386.610","0.000"
"USEP","07 Jul 2021","8","92.63","0.00","5386.034","0.000"
"USEP","07 Jul 2021","9","92.74","0.00","5387.594","0.000"
"USEP","07 Jul 2021","10","92.43","0.00","5403.757","0.000"
"USEP","07 Jul 2021","11","107.73","0.00","5494.757","0.000"
"USEP","07 Jul 2021","12","111.52","0.00","5631.770","0.000"
"USEP","07 Jul 2021","13","110.41","0.00","5816.381","0.000"
"USEP","07 Jul 2021","14","110.34","0.00","5971.450","0.000"
"USEP","07 Jul 2021","15","103.55","0.00","6154.629","0.000"
"USEP","07 Jul 2021","16","108.02","0.00","6372.862","0.000"
"USEP","07 Jul 2021","17","118.14","0.00","6614.995","0.000"
"USEP","07 Jul 2021","18","150.48","0.00","6751.974","0.000"
"USEP","07 Jul 2021","19","143.20","0.00","6842.661","0.000"
"USEP","07 Jul 2021","20","118.03","0.00","6908.404","0.000"
"USEP","07 Jul 2021","21","118.18","0.00","6952.558","0.000"
"USEP","07 Jul 2021","22","118.08","0.00","6966.141","0.000"
"USEP","07 Jul 2021","23","118.07","0.00","6966.573","0.000"
"USEP","07 Jul 2021","24","118.08","0.00","6946.460","0.000"
"USEP","07 Jul 2021","25","108.06","0.00","6886.313","0.000"
"USEP","07 Jul 2021","26","108.06","0.00","6902.217","0.000"
"USEP","07 Jul 2021","27","108.00","0.00","6966.653","0.000"
"USEP","07 Jul 2021","28","110.90","0.00","7015.910","0.000"
"USEP","07 Jul 2021","29","110.83","0.00","7023.102","0.000"
"USEP","07 Jul 2021","30","108.02","0.00","7014.032","0.000"
"USEP","07 Jul 2021","31","110.89","0.00","7036.287","0.000"
"USEP","07 Jul 2021","32","108.02","0.00","7012.789","0.000"
"USEP","07 Jul 2021","33","108.43","0.00","7023.023","0.000"
"USEP","07 Jul 2021","34","107.99","0.00","6994.947","0.000"
"USEP","07 Jul 2021","35","107.98","0.00","6962.632","0.000"
"USEP","07 Jul 2021","36","103.85","0.00","6865.946","0.000"
"USEP","07 Jul 2021","37","112.90","0.00","6829.471","0.000"
"USEP","07 Jul 2021","38","113.61","0.00","6829.138","0.000"
"USEP","07 Jul 2021","39","115.87","0.00","6851.622","0.000"
"USEP","07 Jul 2021","40","112.89","0.00","6816.474","0.000"
"USEP","07 Jul 2021","41","112.62","0.00","6777.420","0.000"
"USEP","07 Jul 2021","42","117.70","0.00","6746.248","0.000"
"USEP","07 Jul 2021","43","117.62","0.00","6695.798","0.000"
"USEP","07 Jul 2021","44","108.06","0.00","6553.735","0.000"
"USEP","07 Jul 2021","45","110.43","0.00","6410.584","0.000"
"USEP","07 Jul 2021","46","107.24","0.00","6259.695","0.000"
"USEP","07 Jul 2021","47","99.57","0.00","6131.544","0.000"
"USEP","07 Jul 2021","48","97.73","0.00","5949.617","0.000"
"USEP","08 Jul 2021","1","109.36","0.00","5784.846","0.000"
"USEP","08 Jul 2021","2","107.77","0.00","5670.184","0.000"
"USEP","08 Jul 2021","3","107.76","0.00","5663.265","0.000"
"USEP","08 Jul 2021","4","104.93","0.00","5581.027","0.000"
"USEP","08 Jul 2021","5","97.81","0.00","5523.181","0.000"
"USEP","08 Jul 2021","6","97.67","0.00","5472.025","0.000"
"USEP","08 Jul 2021","7","97.68","0.00","5442.190","0.000"
"USEP","08 Jul 2021","8","97.68","0.00","5443.353","0.000"
"USEP","08 Jul 2021","9","97.37","0.00","5432.061","0.000"
"USEP","08 Jul 2021","10","92.65","0.00","5413.692","0.000"
"USEP","08 Jul 2021","11","96.97","0.00","5463.571","0.000"
"USEP","08 Jul 2021","12","107.77","0.00","5625.608","0.000"
"USEP","08 Jul 2021","13","107.90","0.00","5843.333","0.000"
"USEP","08 Jul 2021","14","107.97","0.00","6011.608","0.000"
"USEP","08 Jul 2021","15","97.84","0.00","6174.678","0.000"
"USEP","08 Jul 2021","16","97.88","0.00","6410.390","0.000"
"USEP","08 Jul 2021","17","107.69","0.00","6668.537","0.000"
"USEP","08 Jul 2021","18","108.02","0.00","6832.224","0.000"
"USEP","08 Jul 2021","19","108.02","0.00","6924.731","0.000"
"USEP","08 Jul 2021","20","97.92","0.00","6956.434","0.000"
"USEP","08 Jul 2021","21","108.70","0.00","7007.700","0.000"
"USEP","08 Jul 2021","22","108.06","0.00","7008.644","0.000"
"USEP","08 Jul 2021","23","108.02","0.00","6980.062","0.000"
"USEP","08 Jul 2021","24","102.92","0.00","6922.226","0.000"
"USEP","08 Jul 2021","25","97.93","0.00","6871.105","0.000"
"USEP","08 Jul 2021","26","97.94","0.00","6874.375","0.000"
"USEP","08 Jul 2021","27","102.06","0.00","6934.025","0.000"
"USEP","08 Jul 2021","28","108.03","0.00","6986.031","0.000"
"USEP","08 Jul 2021","29","108.02","0.00","7010.801","0.000"
"USEP","08 Jul 2021","30","108.01","0.00","7002.814","0.000"
"USEP","08 Jul 2021","31","108.04","0.00","7015.707","0.000"
"USEP","08 Jul 2021","32","104.01","0.00","7022.819","0.000"
"USEP","08 Jul 2021","33","103.99","0.00","7043.847","0.000"
"USEP","08 Jul 2021","34","103.98","0.00","7029.941","0.000"
"USEP","08 Jul 2021","35","99.13","0.00","6974.868","0.000"
"USEP","08 Jul 2021","36","95.11","0.00","6881.392","0.000"
"USEP","08 Jul 2021","37","99.11","0.00","6834.356","0.000"
"USEP","08 Jul 2021","38","104.01","0.00","6865.270","0.000"
"USEP","08 Jul 2021","39","110.81","0.00","6901.899","0.000"
"USEP","08 Jul 2021","40","111.51","0.00","6889.429","0.000"
"USEP","08 Jul 2021","41","108.94","0.00","6835.112","0.000"
"USEP","08 Jul 2021","42","104.13","0.00","6814.680","0.000"
"USEP","08 Jul 2021","43","115.76","0.00","6747.521","0.000"
"USEP","08 Jul 2021","44","104.92","0.00","6622.331","0.000"
"USEP","08 Jul 2021","45","103.98","0.00","6488.300","0.000"
"USEP","08 Jul 2021","46","95.82","0.00","6354.309","0.000"
"USEP","08 Jul 2021","47","95.80","0.00","6213.136","0.000"
"USEP","08 Jul 2021","48","103.97","0.00","6079.851","0.000"
"USEP","09 Jul 2021","1","115.24","0.00","5962.738","0.000"
"USEP","09 Jul 2021","2","113.79","0.00","5854.725","0.000"
"USEP","09 Jul 2021","3","113.56","0.00","5784.846","0.000"
"USEP","09 Jul 2021","4","113.40","0.00","5697.027","0.000"
"USEP","09 Jul 2021","5","111.66","0.00","5642.734","0.000"
"USEP","09 Jul 2021","6","109.57","0.00","5603.521","0.000"
"USEP","09 Jul 2021","7","111.66","0.00","5575.674","0.000"
"USEP","09 Jul 2021","8","110.07","0.00","5533.404","0.000"
"USEP","09 Jul 2021","9","110.18","0.00","5544.174","0.000"
"USEP","09 Jul 2021","10","110.77","0.00","5558.940","0.000"
"USEP","09 Jul 2021","11","113.39","0.00","5629.400","0.000"
"USEP","09 Jul 2021","12","113.76","0.00","5779.971","0.000"
"USEP","09 Jul 2021","13","113.97","0.00","5936.899","0.000"
"USEP","09 Jul 2021","14","113.98","0.00","6095.606","0.000"
"USEP","09 Jul 2021","15","100.86","0.00","6263.224","0.000"
"USEP","09 Jul 2021","16","101.12","0.00","6490.611","0.000"
"USEP","09 Jul 2021","17","103.55","0.00","6707.114","0.000"
"USEP","09 Jul 2021","18","103.76","0.00","6839.227","0.000"
"USEP","09 Jul 2021","19","104.00","0.00","6912.823","0.000"
"USEP","09 Jul 2021","20","103.81","0.00","6981.439","0.000"
"USEP","09 Jul 2021","21","113.93","0.00","7042.281","0.000"
"USEP","09 Jul 2021","22","113.92","0.00","7066.296","0.000"
"USEP","09 Jul 2021","23","113.92","0.00","7059.641","0.000"
"USEP","09 Jul 2021","24","104.00","0.00","7018.053","0.000"
"USEP","09 Jul 2021","25","103.79","0.00","6975.286","0.000"
"USEP","09 Jul 2021","26","103.80","0.00","6976.528","0.000"
"USEP","09 Jul 2021","27","117.75","0.00","7034.135","0.000"
"USEP","09 Jul 2021","28","206.23","0.00","7076.415","0.000"
"USEP","09 Jul 2021","29","186.10","0.00","7115.922","0.000"
"USEP","09 Jul 2021","30","145.37","0.00","7115.882","0.000"
"USEP","09 Jul 2021","31","143.34","0.00","7127.248","0.000"
"USEP","09 Jul 2021","32","123.24","0.00","7142.849","0.000"
"USEP","09 Jul 2021","33","123.24","0.00","7152.720","0.000"
"USEP","09 Jul 2021","34","121.05","0.00","7139.877","0.000"
"USEP","09 Jul 2021","35","109.44","0.00","7085.316","0.000"
"USEP","09 Jul 2021","36","99.42","0.00","6957.801","0.000"
"USEP","09 Jul 2021","37","94.58","0.00","6858.138","0.000"
"USEP","09 Jul 2021","38","95.30","0.00","6832.135","0.000"
"USEP","09 Jul 2021","39","111.22","0.00","6838.019","0.000"
"USEP","09 Jul 2021","40","111.16","0.00","6815.341","0.000"
"USEP","09 Jul 2021","41","108.43","0.00","6768.544","0.000"
"USEP","09 Jul 2021","42","109.47","0.00","6750.741","0.000"
"USEP","09 Jul 2021","43","113.58","0.00","6695.559","0.000"
"USEP","09 Jul 2021","44","104.31","0.00","6582.884","0.000"
"USEP","09 Jul 2021","45","109.95","0.00","6439.773","0.000"
"USEP","09 Jul 2021","46","103.73","0.00","6297.000","0.000"
"USEP","09 Jul 2021","47","99.26","0.00","6160.862","0.000"
"USEP","09 Jul 2021","48","93.81","0.00","5955.322","0.000"
"USEP","10 Jul 2021","1","103.60","0.00","5766.114","0.000"
"USEP","10 Jul 2021","2","97.95","0.00","5664.935","0.000"
"USEP","10 Jul 2021","3","97.42","0.00","5631.517","0.000"
"USEP","10 Jul 2021","4","96.28","0.00","5572.096","0.000"
"USEP","10 Jul 2021","5","94.18","0.00","5513.340","0.000"
"USEP","10 Jul 2021","6","93.91","0.00","5469.768","0.000"
"USEP","10 Jul 2021","7","93.96","0.00","5426.768","0.000"
"USEP","10 Jul 2021","8","93.95","0.00","5387.197","0.000"
"USEP","10 Jul 2021","9","93.87","0.00","5374.409","0.000"
"USEP","10 Jul 2021","10","93.98","0.00","5378.778","0.000"
"USEP","10 Jul 2021","11","94.38","0.00","5413.453","0.000"
"USEP","10 Jul 2021","12","95.36","0.00","5481.204","0.000"
"USEP","10 Jul 2021","13","93.43","0.00","5551.132","0.000"
"USEP","10 Jul 2021","14","93.45","0.00","5619.733","0.000"
"USEP","10 Jul 2021","15","93.70","0.00","5694.472","0.000"
"USEP","10 Jul 2021","16","96.81","0.00","5871.210","0.000"
"USEP","10 Jul 2021","17","103.50","0.00","6055.254","0.000"
"USEP","10 Jul 2021","18","94.79","0.00","6192.332","0.000"
"USEP","10 Jul 2021","19","103.52","0.00","6280.857","0.000"
"USEP","10 Jul 2021","20","103.74","0.00","6353.454","0.000"
"USEP","10 Jul 2021","21","103.92","0.00","6413.830","0.000"
"USEP","10 Jul 2021","22","103.92","0.00","6438.695","0.000"
"USEP","10 Jul 2021","23","103.93","0.00","6440.663","0.000"
"USEP","10 Jul 2021","24","103.73","0.00","6387.305","0.000"
"USEP","10 Jul 2021","25","103.73","0.00","6342.833","0.000"
"USEP","10 Jul 2021","26","103.52","0.00","6315.006","0.000"
"USEP","10 Jul 2021","27","103.51","0.00","6293.327","0.000"
"USEP","10 Jul 2021","28","94.22","0.00","6250.272","0.000"
"USEP","10 Jul 2021","29","94.22","0.00","6238.901","0.000"
"USEP","10 Jul 2021","30","93.80","0.00","6210.835","0.000"
"USEP","10 Jul 2021","31","93.80","0.00","6175.712","0.000"
"USEP","10 Jul 2021","32","93.51","0.00","6125.316","0.000"
"USEP","10 Jul 2021","33","93.43","0.00","6095.968","0.000"
"USEP","10 Jul 2021","34","93.50","0.00","6075.790","0.000"
"USEP","10 Jul 2021","35","93.38","0.00","6045.940","0.000"
"USEP","10 Jul 2021","36","93.38","0.00","6033.570","0.000"
"USEP","10 Jul 2021","37","93.40","0.00","6061.462","0.000"
"USEP","10 Jul 2021","38","93.71","0.00","6154.565","0.000"
"USEP","10 Jul 2021","39","100.69","0.00","6248.731","0.000"
"USEP","10 Jul 2021","40","103.52","0.00","6286.369","0.000"
"USEP","10 Jul 2021","41","103.53","0.00","6307.119","0.000"
"USEP","10 Jul 2021","42","103.53","0.00","6283.844","0.000"
"USEP","10 Jul 2021","43","103.51","0.00","6254.864","0.000"
"USEP","10 Jul 2021","44","98.45","0.00","6188.266","0.000"
"USEP","10 Jul 2021","45","96.86","0.00","6092.514","0.000"
"USEP","10 Jul 2021","46","103.73","0.00","5975.252","0.000"
"USEP","10 Jul 2021","47","103.50","0.00","5880.489","0.000"
"USEP","10 Jul 2021","48","109.63","0.00","5798.569","0.000"
"USEP","11 Jul 2021","1","110.38","0.00","5723.462","0.000"
"USEP","11 Jul 2021","2","105.73","0.00","5611.915","0.000"
"USEP","11 Jul 2021","3","103.58","0.00","5468.531","0.000"
"USEP","11 Jul 2021","4","103.22","0.00","5389.925","0.000"
"USEP","11 Jul 2021","5","94.91","0.00","5340.981","0.000"
"USEP","11 Jul 2021","6","93.38","0.00","5281.917","0.000"
"USEP","11 Jul 2021","7","93.43","0.00","5246.839","0.000"
"USEP","11 Jul 2021","8","93.37","0.00","5232.302","0.000"
"USEP","11 Jul 2021","9","92.97","0.00","5204.092","0.000"
"USEP","11 Jul 2021","10","92.96","0.00","5213.103","0.000"
"USEP","11 Jul 2021","11","93.37","0.00","5234.528","0.000"
"USEP","11 Jul 2021","12","93.44","0.00","5287.270","0.000"
"USEP","11 Jul 2021","13","93.34","0.00","5324.301","0.000"
"USEP","11 Jul 2021","14","93.34","0.00","5361.875","0.000"
"USEP","11 Jul 2021","15","93.35","0.00","5397.997","0.000"
"USEP","11 Jul 2021","16","93.56","0.00","5472.870","0.000"
"USEP","11 Jul 2021","17","94.14","0.00","5594.963","0.000"
"USEP","11 Jul 2021","18","94.14","0.00","5691.719","0.000"
"USEP","11 Jul 2021","19","97.68","0.00","5795.537","0.000"
"USEP","11 Jul 2021","20","103.50","0.00","5855.217","0.000"
"USEP","11 Jul 2021","21","103.73","0.00","5925.413","0.000"
"USEP","11 Jul 2021","22","94.28","0.00","5945.184","0.000"
"USEP","11 Jul 2021","23","94.09","0.00","5953.493","0.000"
"USEP","11 Jul 2021","24","93.23","0.00","5919.648","0.000"
"USEP","11 Jul 2021","25","93.40","0.00","5900.503","0.000"
"USEP","11 Jul 2021","26","93.44","0.00","5922.635","0.000"
"USEP","11 Jul 2021","27","93.23","0.00","5933.852","0.000"
"USEP","11 Jul 2021","28","93.83","0.00","6013.119","0.000"
"USEP","11 Jul 2021","29","103.93","0.00","6054.205","0.000"
"USEP","11 Jul 2021","30","103.71","0.00","6042.770","0.000"
"USEP","11 Jul 2021","31","103.50","0.00","5971.848","0.000"
"USEP","11 Jul 2021","32","94.82","0.00","5952.703","0.000"
"USEP","11 Jul 2021","33","93.81","0.00","5918.346","0.000"
"USEP","11 Jul 2021","34","93.60","0.00","5872.169","0.000"
"USEP","11 Jul 2021","35","93.60","0.00","5865.743","0.000"
"USEP","11 Jul 2021","36","93.81","0.00","5894.664","0.000"
"USEP","11 Jul 2021","37","102.70","0.00","5968.085","0.000"
"USEP","11 Jul 2021","38","103.93","0.00","6118.830","0.000"
"USEP","11 Jul 2021","39","104.82","0.00","6222.013","0.000"
"USEP","11 Jul 2021","40","107.95","0.00","6231.625","0.000"
"USEP","11 Jul 2021","41","105.52","0.00","6223.518","0.000"
"USEP","11 Jul 2021","42","110.03","0.00","6265.475","0.000"
"USEP","11 Jul 2021","43","113.84","0.00","6241.912","0.000"
"USEP","11 Jul 2021","44","109.66","0.00","6147.810","0.000"
"USEP","11 Jul 2021","45","106.71","0.00","6001.712","0.000"
"USEP","11 Jul 2021","46","103.73","0.00","5876.632","0.000"
"USEP","11 Jul 2021","47","103.57","0.00","5734.948","0.000"
"USEP","11 Jul 2021","48","103.31","0.00","5663.772","0.000"
"USEP","12 Jul 2021","1","104.57","0.00","5580.366","0.000"
"USEP","12 Jul 2021","2","103.68","0.00","5496.765","0.000"
"USEP","12 Jul 2021","3","93.36","0.00","5333.277","0.000"
"USEP","12 Jul 2021","4","93.26","0.00","5263.220","0.000"
"USEP","12 Jul 2021","5","92.88","0.00","5232.153","0.000"
"USEP","12 Jul 2021","6","91.56","0.00","5192.050","0.000"
"USEP","12 Jul 2021","7","92.83","0.00","5182.577","0.000"
"USEP","12 Jul 2021","8","91.67","0.00","5157.091","0.000"
"USEP","12 Jul 2021","9","91.73","0.00","5174.227","0.000"
"USEP","12 Jul 2021","10","92.76","0.00","5186.762","0.000"
"USEP","12 Jul 2021","11","92.93","0.00","5272.792","0.000"
"USEP","12 Jul 2021","12","101.67","0.00","5432.096","0.000"
"USEP","12 Jul 2021","13","101.44","0.00","5609.992","0.000"
"USEP","12 Jul 2021","14","96.67","0.00","5794.220","0.000"
"USEP","12 Jul 2021","15","93.50","0.00","6008.243","0.000"
"USEP","12 Jul 2021","16","93.80","0.00","6238.220","0.000"
"USEP","12 Jul 2021","17","95.99","0.00","6471.939","0.000"
"USEP","12 Jul 2021","18","94.64","0.00","6619.692","0.000"
"USEP","12 Jul 2021","19","96.72","0.00","6721.617","0.000"
"USEP","12 Jul 2021","20","100.95","0.00","6775.835","0.000"
"USEP","12 Jul 2021","21","103.99","0.00","6831.663","0.000"
"USEP","12 Jul 2021","22","103.99","0.00","6838.964","0.000"
"USEP","12 Jul 2021","23","103.99","0.00","6839.943","0.000"
"USEP","12 Jul 2021","24","103.79","0.00","6795.019","0.000"
"USEP","12 Jul 2021","25","103.26","0.00","6758.783","0.000"
"USEP","12 Jul 2021","26","103.80","0.00","6764.155","0.000"
"USEP","12 Jul 2021","27","104.00","0.00","6836.170","0.000"
"USEP","12 Jul 2021","28","110.43","0.00","6881.387","0.000"
"USEP","12 Jul 2021","29","110.44","0.00","6903.131","0.000"
"USEP","12 Jul 2021","30","110.43","0.00","6885.905","0.000"
"USEP","12 Jul 2021","31","111.61","0.00","6897.490","0.000"
"USEP","12 Jul 2021","32","110.43","0.00","6910.755","0.000"
"USEP","12 Jul 2021","33","103.99","0.00","6883.902","0.000"
"USEP","12 Jul 2021","34","109.02","0.00","6897.629","0.000"
"USEP","12 Jul 2021","35","108.50","0.00","6887.396","0.000"
"USEP","12 Jul 2021","36","103.78","0.00","6784.622","0.000"
"USEP","12 Jul 2021","37","103.78","0.00","6736.746","0.000"
"USEP","12 Jul 2021","38","103.96","0.00","6745.811","0.000"
"USEP","12 Jul 2021","39","103.95","0.00","6743.072","0.000"
"USEP","12 Jul 2021","40","99.50","0.00","6691.230","0.000"
"USEP","12 Jul 2021","41","97.51","0.00","6620.105","0.000"
"USEP","12 Jul 2021","42","103.76","0.00","6575.633","0.000"
"USEP","12 Jul 2021","43","103.77","0.00","6475.577","0.000"
"USEP","12 Jul 2021","44","103.76","0.00","6369.950","0.000"
"USEP","12 Jul 2021","45","95.25","0.00","6227.410","0.000"
"USEP","12 Jul 2021","46","93.53","0.00","6079.080","0.000"
"USEP","12 Jul 2021","47","93.24","0.00","5893.202","0.000"
"USEP","12 Jul 2021","48","92.38","0.00","5743.725","0.000"
"USEP","13 Jul 2021","1","97.25","0.00","5617.099","0.000"
"USEP","13 Jul 2021","2","93.52","0.00","5512.525","0.000"
"USEP","13 Jul 2021","3","92.60","0.00","5413.990","0.000"
"USEP","13 Jul 2021","4","91.12","0.00","5340.270","0.000"
"USEP","13 Jul 2021","5","91.11","0.00","5296.489","0.000"
"USEP","13 Jul 2021","6","91.07","0.00","5271.311","0.000"
"USEP","13 Jul 2021","7","89.96","0.00","5241.297","0.000"
"USEP","13 Jul 2021","8","89.97","0.00","5232.615","0.000"
"USEP","13 Jul 2021","9","90.02","0.00","5235.090","0.000"
"USEP","13 Jul 2021","10","90.77","0.00","5265.382","0.000"
"USEP","13 Jul 2021","11","91.49","0.00","5336.602","0.000"
"USEP","13 Jul 2021","12","105.57","0.00","5506.790","0.000"
"USEP","13 Jul 2021","13","97.35","0.00","5676.828","0.000"
"USEP","13 Jul 2021","14","105.68","0.00","5858.825","0.000"
"USEP","13 Jul 2021","15","95.01","0.00","6043.863","0.000"
"USEP","13 Jul 2021","16","95.64","0.00","6278.362","0.000"
"USEP","13 Jul 2021","17","95.85","0.00","6500.502","0.000"
"USEP","13 Jul 2021","18","95.88","0.00","6626.754","0.000"
"USEP","13 Jul 2021","19","96.88","0.00","6718.118","0.000"
"USEP","13 Jul 2021","20","102.98","0.00","6786.699","0.000"
"USEP","13 Jul 2021","21","105.90","0.00","6838.377","0.000"
"USEP","13 Jul 2021","22","105.98","0.00","6854.922","0.000"
"USEP","13 Jul 2021","23","105.91","0.00","6836.961","0.000"
"USEP","13 Jul 2021","24","99.57","0.00","6765.422","0.000"
"USEP","13 Jul 2021","25","98.71","0.00","6710.822","0.000"
"USEP","13 Jul 2021","26","98.67","0.00","6697.945","0.000"
"USEP","13 Jul 2021","27","99.32","0.00","6750.607","0.000"
"USEP","13 Jul 2021","28","99.57","0.00","6783.290","0.000"
"USEP","13 Jul 2021","29","99.33","0.00","6782.077","0.000"
"USEP","13 Jul 2021","30","98.61","0.00","6740.473","0.000"
"USEP","13 Jul 2021","31","98.00","0.00","6721.105","0.000"
"USEP","13 Jul 2021","32","97.79","0.00","6721.055","0.000"
"USEP","13 Jul 2021","33","97.08","0.00","6704.779","0.000"
"USEP","13 Jul 2021","34","97.09","0.00","6694.163","0.000"
"USEP","13 Jul 2021","35","95.67","0.00","6632.843","0.000"
"USEP","13 Jul 2021","36","94.55","0.00","6550.709","0.000"
"USEP","13 Jul 2021","37","95.27","0.00","6495.353","0.000"
"USEP","13 Jul 2021","38","95.27","0.00","6441.036","0.000"
"USEP","13 Jul 2021","39","95.67","0.00","6465.329","0.000"
"USEP","13 Jul 2021","40","95.65","0.00","6437.318","0.000"
"USEP","13 Jul 2021","41","95.61","0.00","6396.703","0.000"
"USEP","13 Jul 2021","42","95.68","0.00","6359.329","0.000"
"USEP","13 Jul 2021","43","95.68","0.00","6273.542","0.000"
"USEP","13 Jul 2021","44","95.66","0.00","6164.470","0.000"
"USEP","13 Jul 2021","45","95.57","0.00","6031.900","0.000"
"USEP","13 Jul 2021","46","93.81","0.00","5876.533","0.000"
"USEP","13 Jul 2021","47","92.66","0.00","5728.671","0.000"
"USEP","13 Jul 2021","48","91.10","0.00","5596.488","0.000"
"USEP","14 Jul 2021","1","93.75","0.00","5487.466","0.000"
"USEP","14 Jul 2021","2","92.22","0.00","5390.268","0.000"
"USEP","14 Jul 2021","3","90.97","0.00","5288.388","0.000"
"USEP","14 Jul 2021","4","90.79","0.00","5236.884","0.000"
"USEP","14 Jul 2021","5","89.26","0.00","5199.435","0.000"
"USEP","14 Jul 2021","6","89.26","0.00","5163.770","0.000"
"USEP","14 Jul 2021","7","89.15","0.00","5147.608","0.000"
"USEP","14 Jul 2021","8","89.14","0.00","5142.215","0.000"
"USEP","14 Jul 2021","9","89.14","0.00","5149.571","0.000"
"USEP","14 Jul 2021","10","86.34","0.00","5141.480","0.000"
"USEP","14 Jul 2021","11","89.27","0.00","5206.040","0.000"
"USEP","14 Jul 2021","12","91.20","0.00","5346.656","0.000"
"USEP","14 Jul 2021","13","95.58","0.00","5551.237","0.000"
"USEP","14 Jul 2021","14","95.71","0.00","5721.255","0.000"
"USEP","14 Jul 2021","15","93.81","0.00","5931.978","0.000"
"USEP","14 Jul 2021","16","95.25","0.00","6181.020","0.000"
"USEP","14 Jul 2021","17","95.75","0.00","6402.235","0.000"
"USEP","14 Jul 2021","18","95.66","0.00","6525.262","0.000"
"USEP","14 Jul 2021","19","95.78","0.00","6607.029","0.000"
"USEP","14 Jul 2021","20","96.88","0.00","6663.055","0.000"
"USEP","14 Jul 2021","21","99.37","0.00","6698.168","0.000"
"USEP","14 Jul 2021","22","99.05","0.00","6704.147","0.000"
"USEP","14 Jul 2021","23","99.45","0.00","6706.458","0.000"
"USEP","14 Jul 2021","24","98.35","0.00","6665.570","0.000"
"USEP","14 Jul 2021","25","96.00","0.00","6599.171","0.000"
"USEP","14 Jul 2021","26","96.27","0.00","6596.845","0.000"
"USEP","14 Jul 2021","27","99.42","0.00","6663.667","0.000"
"USEP","14 Jul 2021","28","102.53","0.00","6699.535","0.000"
"USEP","14 Jul 2021","29","102.50","0.00","6713.903","0.000"
"USEP","14 Jul 2021","30","102.13","0.00","6711.483","0.000"
"USEP","14 Jul 2021","31","102.33","0.00","6712.731","0.000"
"USEP","14 Jul 2021","32","99.75","0.00","6711.468","0.000"
"USEP","14 Jul 2021","33","102.13","0.00","6714.823","0.000"
"USEP","14 Jul 2021","34","102.22","0.00","6700.146","0.000"
"USEP","14 Jul 2021","35","97.93","0.00","6651.714","0.000"
"USEP","14 Jul 2021","36","95.78","0.00","6553.859","0.000"
"USEP","14 Jul 2021","37","95.77","0.00","6513.826","0.000"
"USEP","14 Jul 2021","38","97.36","0.00","6532.250","0.000"
"USEP","14 Jul 2021","39","99.36","0.00","6566.225","0.000"
"USEP","14 Jul 2021","40","100.30","0.00","6542.095","0.000"
"USEP","14 Jul 2021","41","105.98","0.00","6517.986","0.000"
"USEP","14 Jul 2021","42","105.88","0.00","6485.353","0.000"
"USEP","14 Jul 2021","43","99.34","0.00","6413.899","0.000"
"USEP","14 Jul 2021","44","95.86","0.00","6270.281","0.000"
"USEP","14 Jul 2021","45","95.74","0.00","6122.563","0.000"
"USEP","14 Jul 2021","46","95.60","0.00","5980.386","0.000"
"USEP","14 Jul 2021","47","93.17","0.00","5831.087","0.000"
"USEP","14 Jul 2021","48","92.82","0.00","5778.316","0.000"
"USEP","15 Jul 2021","1","115.62","0.00","5736.111","0.000"
"USEP","15 Jul 2021","2","112.22","0.00","5629.067","0.000"
"USEP","15 Jul 2021","3","95.59","0.00","5442.180","0.000"
"USEP","15 Jul 2021","4","95.48","0.00","5371.337","0.000"
"USEP","15 Jul 2021","5","92.67","0.00","5313.377","0.000"
"USEP","15 Jul 2021","6","91.80","0.00","5270.700","0.000"
"USEP","15 Jul 2021","7","91.03","0.00","5245.373","0.000"
"USEP","15 Jul 2021","8","91.02","0.00","5235.378","0.000"
"USEP","15 Jul 2021","9","91.00","0.00","5238.440","0.000"
"USEP","15 Jul 2021","10","91.03","0.00","5255.149","0.000"
"USEP","15 Jul 2021","11","93.69","0.00","5337.179","0.000"
"USEP","15 Jul 2021","12","105.64","0.00","5486.681","0.000"
"USEP","15 Jul 2021","13","105.68","0.00","5657.098","0.000"
"USEP","15 Jul 2021","14","111.06","0.00","5822.743","0.000"
"USEP","15 Jul 2021","15","95.63","0.00","6009.386","0.000"
"USEP","15 Jul 2021","16","95.84","0.00","6245.357","0.000"
"USEP","15 Jul 2021","17","99.29","0.00","6461.472","0.000"
"USEP","15 Jul 2021","18","99.83","0.00","6585.016","0.000"
"USEP","15 Jul 2021","19","104.83","0.00","6658.225","0.000"
"USEP","15 Jul 2021","20","105.79","0.00","6719.037","0.000"
"USEP","15 Jul 2021","21","109.80","0.00","6759.672","0.000"
"USEP","15 Jul 2021","22","112.97","0.00","6773.986","0.000"
"USEP","15 Jul 2021","23","112.98","0.00","6779.696","0.000"
"USEP","15 Jul 2021","24","109.93","0.00","6713.034","0.000"
"USEP","15 Jul 2021","25","105.91","0.00","6647.788","0.000"
"USEP","15 Jul 2021","26","105.82","0.00","6598.137","0.000"
"USEP","15 Jul 2021","27","105.83","0.00","6626.243","0.000"
"USEP","15 Jul 2021","28","106.64","0.00","6656.112","0.000"
"USEP","15 Jul 2021","29","105.84","0.00","6660.774","0.000"
"USEP","15 Jul 2021","30","105.81","0.00","6650.412","0.000"
"USEP","15 Jul 2021","31","105.82","0.00","6638.479","0.000"
"USEP","15 Jul 2021","32","105.82","0.00","6666.256","0.000"
"USEP","15 Jul 2021","33","106.01","0.00","6696.896","0.000"
"USEP","15 Jul 2021","34","108.18","0.00","6711.041","0.000"
"USEP","15 Jul 2021","35","105.81","0.00","6672.628","0.000"
"USEP","15 Jul 2021","36","101.68","0.00","6593.396","0.000"
"USEP","15 Jul 2021","37","105.77","0.00","6552.627","0.000"
"USEP","15 Jul 2021","38","107.27","0.00","6587.710","0.000"
"USEP","15 Jul 2021","39","109.80","0.00","6615.960","0.000"
"USEP","15 Jul 2021","40","110.00","0.00","6598.068","0.000"
"USEP","15 Jul 2021","41","112.67","0.00","6581.841","0.000"
"USEP","15 Jul 2021","42","141.10","0.00","6572.124","0.000"
"USEP","15 Jul 2021","43","123.28","0.00","6518.036","0.000"
"USEP","15 Jul 2021","44","110.19","0.00","6395.828","0.000"
"USEP","15 Jul 2021","45","105.98","0.00","6252.697","0.000"
"USEP","15 Jul 2021","46","103.19","0.00","6122.478","0.000"
"USEP","15 Jul 2021","47","95.76","0.00","5978.105","0.000"
"USEP","15 Jul 2021","48","95.65","0.00","5832.360","0.000"
"USEP","16 Jul 2021","1","113.09","0.00","5690.650","0.000"
"USEP","16 Jul 2021","2","111.59","0.00","5593.472","0.000"
"USEP","16 Jul 2021","3","105.82","0.00","5519.737","0.000"
"USEP","16 Jul 2021","4","105.69","0.00","5439.879","0.000"
"USEP","16 Jul 2021","5","104.39","0.00","5390.114","0.000"
"USEP","16 Jul 2021","6","95.59","0.00","5349.658","0.000"
"USEP","16 Jul 2021","7","104.38","0.00","5329.237","0.000"
"USEP","16 Jul 2021","8","97.74","0.00","5303.989","0.000"
"USEP","16 Jul 2021","9","97.86","0.00","5309.968","0.000"
"USEP","16 Jul 2021","10","98.36","0.00","5326.607","0.000"
"USEP","16 Jul 2021","11","105.66","0.00","5393.295","0.000"
"USEP","16 Jul 2021","12","111.68","0.00","5552.807","0.000"
"USEP","16 Jul 2021","13","111.71","0.00","5724.202","0.000"
"USEP","16 Jul 2021","14","111.39","0.00","5879.321","0.000"
"USEP","16 Jul 2021","15","99.04","0.00","6057.565","0.000"
"USEP","16 Jul 2021","16","102.80","0.00","6289.823","0.000"
"USEP","16 Jul 2021","17","105.77","0.00","6514.239","0.000"
"USEP","16 Jul 2021","18","108.70","0.00","6644.905","0.000"
"USEP","16 Jul 2021","19","110.40","0.00","6727.770","0.000"
"USEP","16 Jul 2021","20","113.13","0.00","6793.906","0.000"
"USEP","16 Jul 2021","21","123.42","0.00","6855.504","0.000"
"USEP","16 Jul 2021","22","136.23","0.00","6884.379","0.000"
"USEP","16 Jul 2021","23","123.39","0.00","6876.532","0.000"
"USEP","16 Jul 2021","24","120.49","0.00","6836.394","0.000"
"USEP","16 Jul 2021","25","115.91","0.00","6806.345","0.000"
"USEP","16 Jul 2021","26","115.09","0.00","6805.739","0.000"
"USEP","16 Jul 2021","27","120.45","0.00","6820.172","0.000"
"USEP","16 Jul 2021","28","205.77","0.00","6874.196","0.000"
"USEP","16 Jul 2021","29","133.07","0.00","6882.133","0.000"
"USEP","16 Jul 2021","30","120.46","0.00","6872.312","0.000"
"USEP","16 Jul 2021","31","109.97","0.00","6856.115","0.000"
"USEP","16 Jul 2021","32","110.16","0.00","6872.700","0.000"
"USEP","16 Jul 2021","33","109.97","0.00","6866.135","0.000"
"USEP","16 Jul 2021","34","106.01","0.00","6848.874","0.000"
"USEP","16 Jul 2021","35","105.78","0.00","6786.361","0.000"
"USEP","16 Jul 2021","36","100.32","0.00","6709.883","0.000"
"USEP","16 Jul 2021","37","99.55","0.00","6661.783","0.000"
"USEP","16 Jul 2021","38","110.49","0.00","6688.477","0.000"
"USEP","16 Jul 2021","39","113.21","0.00","6704.157","0.000"
"USEP","16 Jul 2021","40","113.21","0.00","6681.653","0.000"
"USEP","16 Jul 2021","41","119.99","0.00","6655.710","0.000"
"USEP","16 Jul 2021","42","119.99","0.00","6623.236","0.000"
"USEP","16 Jul 2021","43","140.28","0.00","6557.865","0.000"
"USEP","16 Jul 2021","44","111.70","0.00","6437.591","0.000"
"USEP","16 Jul 2021","45","108.15","0.00","6316.289","0.000"
"USEP","16 Jul 2021","46","105.77","0.00","6211.715","0.000"
"USEP","16 Jul 2021","47","105.74","0.00","6095.735","0.000"
"USEP","16 Jul 2021","48","105.93","0.00","6023.242","0.000"
"USEP","17 Jul 2021","1","140.21","0.00","5944.771","0.000"
"USEP","17 Jul 2021","2","121.34","0.00","5834.000","0.000"
"USEP","17 Jul 2021","3","112.97","0.00","5688.100","0.000"
"USEP","17 Jul 2021","4","105.83","0.00","5599.137","0.000"
"USEP","17 Jul 2021","5","105.71","0.00","5530.795","0.000"
"USEP","17 Jul 2021","6","101.37","0.00","5477.432","0.000"
"USEP","17 Jul 2021","7","105.51","0.00","5443.417","0.000"
"USEP","17 Jul 2021","8","98.54","0.00","5417.355","0.000"
"USEP","17 Jul 2021","9","105.50","0.00","5400.303","0.000"
"USEP","17 Jul 2021","10","95.42","0.00","5384.543","0.000"
"USEP","17 Jul 2021","11","97.60","0.00","5414.164","0.000"
"USEP","17 Jul 2021","12","98.40","0.00","5479.847","0.000"
"USEP","17 Jul 2021","13","95.54","0.00","5542.484","0.000"
"USEP","17 Jul 2021","14","95.62","0.00","5605.156","0.000"
"USEP","17 Jul 2021","15","95.72","0.00","5684.234","0.000"
"USEP","17 Jul 2021","16","111.33","0.00","5838.060","0.000"
"USEP","17 Jul 2021","17","120.66","0.00","6018.009","0.000"
"USEP","17 Jul 2021","18","109.13","0.00","6159.550","0.000"
"USEP","17 Jul 2021","19","112.86","0.00","6261.623","0.000"
"USEP","17 Jul 2021","20","145.44","0.00","6335.920","0.000"
"USEP","17 Jul 2021","21","118.67","0.00","6387.817","0.000"
"USEP","17 Jul 2021","22","113.42","0.00","6376.813","0.000"
"USEP","17 Jul 2021","23","105.95","0.00","6363.330","0.000"
"USEP","17 Jul 2021","24","105.86","0.00","6325.463","0.000"
"USEP","17 Jul 2021","25","103.70","0.00","6285.629","0.000"
"USEP","17 Jul 2021","26","101.72","0.00","6268.154","0.000"
"USEP","17 Jul 2021","27","103.19","0.00","6251.077","0.000"
"USEP","17 Jul 2021","28","100.52","0.00","6222.733","0.000"
"USEP","17 Jul 2021","29","99.71","0.00","6237.882","0.000"
"USEP","17 Jul 2021","30","105.74","0.00","6275.723","0.000"
"USEP","17 Jul 2021","31","105.94","0.00","6281.036","0.000"
"USEP","17 Jul 2021","32","112.97","0.00","6243.682","0.000"
"USEP","17 Jul 2021","33","109.77","0.00","6230.745","0.000"
"USEP","17 Jul 2021","34","112.86","0.00","6220.194","0.000"
"USEP","17 Jul 2021","35","109.64","0.00","6198.698","0.000"
"USEP","17 Jul 2021","36","112.97","0.00","6215.378","0.000"
"USEP","17 Jul 2021","37","153.22","0.00","6277.970","0.000"
"USEP","17 Jul 2021","38","193.45","0.00","6368.026","0.000"
"USEP","17 Jul 2021","39","251.83","0.00","6397.941","0.000"
"USEP","17 Jul 2021","40","252.01","0.00","6419.073","0.000"
"USEP","17 Jul 2021","41","251.84","0.00","6408.308","0.000"
"USEP","17 Jul 2021","42","226.70","0.00","6405.346","0.000"
"USEP","17 Jul 2021","43","226.70","0.00","6383.170","0.000"
"USEP","17 Jul 2021","44","173.35","0.00","6345.045","0.000"
"USEP","17 Jul 2021","45","119.80","0.00","6255.232","0.000"
"USEP","17 Jul 2021","46","114.82","0.00","6177.685","0.000"
"USEP","17 Jul 2021","47","112.99","0.00","6101.296","0.000"
"USEP","17 Jul 2021","48","129.56","0.00","5972.727","0.000"
"USEP","18 Jul 2021","1","119.78","0.00","5832.603","0.000"
"USEP","18 Jul 2021","2","115.92","0.00","5730.852","0.000"
"USEP","18 Jul 2021","3","115.78","0.00","5671.371","0.000"
"USEP","18 Jul 2021","4","112.53","0.00","5596.936","0.000"
"USEP","18 Jul 2021","5","111.65","0.00","5536.327","0.000"
"USEP","18 Jul 2021","6","105.80","0.00","5476.180","0.000"
"USEP","18 Jul 2021","7","106.27","0.00","5432.091","0.000"
"USEP","18 Jul 2021","8","105.68","0.00","5393.345","0.000"
"USEP","18 Jul 2021","9","105.66","0.00","5358.997","0.000"
"USEP","18 Jul 2021","10","105.66","0.00","5365.741","0.000"
"USEP","18 Jul 2021","11","105.66","0.00","5396.426","0.000"
"USEP","18 Jul 2021","12","111.97","0.00","5444.322","0.000"
"USEP","18 Jul 2021","13","105.62","0.00","5482.556","0.000"
"USEP","18 Jul 2021","14","95.61","0.00","5499.106","0.000"
"USEP","18 Jul 2021","15","96.63","0.00","5536.471","0.000"
"USEP","18 Jul 2021","16","103.85","0.00","5596.066","0.000"
"USEP","18 Jul 2021","17","105.70","0.00","5716.464","0.000"
"USEP","18 Jul 2021","18","105.83","0.00","5806.113","0.000"
"USEP","18 Jul 2021","19","105.83","0.00","5894.504","0.000"
"USEP","18 Jul 2021","20","105.93","0.00","5979.332","0.000"
"USEP","18 Jul 2021","21","106.28","0.00","6028.898","0.000"
"USEP","18 Jul 2021","22","105.76","0.00","6053.887","0.000"
"USEP","18 Jul 2021","23","105.72","0.00","6037.621","0.000"
"USEP","18 Jul 2021","24","105.72","0.00","6011.901","0.000"
"USEP","18 Jul 2021","25","98.37","0.00","6001.181","0.000"
"USEP","18 Jul 2021","26","109.62","0.00","6017.442","0.000"
"USEP","18 Jul 2021","27","109.50","0.00","6017.651","0.000"
"USEP","18 Jul 2021","28","108.91","0.00","6027.815","0.000"
"USEP","18 Jul 2021","29","105.96","0.00","6050.105","0.000"
"USEP","18 Jul 2021","30","105.98","0.00","6084.160","0.000"
"USEP","18 Jul 2021","31","105.98","0.00","6082.375","0.000"
"USEP","18 Jul 2021","32","105.84","0.00","6063.067","0.000"
"USEP","18 Jul 2021","33","105.85","0.00","6102.986","0.000"
"USEP","18 Jul 2021","34","105.94","0.00","6119.317","0.000"
"USEP","18 Jul 2021","35","105.87","0.00","6104.472","0.000"
"USEP","18 Jul 2021","36","105.97","0.00","6153.079","0.000"
"USEP","18 Jul 2021","37","120.32","0.00","6183.172","0.000"
"USEP","18 Jul 2021","38","145.68","0.00","6263.199","0.000"
"USEP","18 Jul 2021","39","161.20","0.00","6366.724","0.000"
"USEP","18 Jul 2021","40","165.67","0.00","6380.198","0.000"
"USEP","18 Jul 2021","41","167.36","0.00","6397.473","0.000"
"USEP","18 Jul 2021","42","169.34","0.00","6418.094","0.000"
"USEP","18 Jul 2021","43","165.67","0.00","6407.741","0.000"
"USEP","18 Jul 2021","44","152.66","0.00","6339.712","0.000"
"USEP","18 Jul 2021","45","107.29","0.00","6220.815","0.000"
"USEP","18 Jul 2021","46","105.83","0.00","6124.675","0.000"
"USEP","18 Jul 2021","47","106.44","0.00","6026.095","0.000"
"USEP","18 Jul 2021","48","112.48","0.00","6019.634","0.000"
"USEP","19 Jul 2021","1","128.05","0.00","6014.252","0.000"
"USEP","19 Jul 2021","2","120.90","0.00","5909.832","0.000"
"USEP","19 Jul 2021","3","115.93","0.00","5695.635","0.000"
"USEP","19 Jul 2021","4","115.77","0.00","5606.324","0.000"
"USEP","19 Jul 2021","5","112.60","0.00","5546.028","0.000"
"USEP","19 Jul 2021","6","109.86","0.00","5495.364","0.000"
"USEP","19 Jul 2021","7","112.07","0.00","5469.505","0.000"
"USEP","19 Jul 2021","8","109.86","0.00","5434.024","0.000"
"USEP","19 Jul 2021","9","107.78","0.00","5419.079","0.000"
"USEP","19 Jul 2021","10","109.86","0.00","5442.403","0.000"
"USEP","19 Jul 2021","11","111.70","0.00","5502.203","0.000"
"USEP","19 Jul 2021","12","115.74","0.00","5640.334","0.000"
"USEP","19 Jul 2021","13","115.94","0.00","5810.581","0.000"
"USEP","19 Jul 2021","14","115.95","0.00","6000.261","0.000"
"USEP","19 Jul 2021","15","107.94","0.00","6222.370","0.000"
"USEP","19 Jul 2021","16","111.70","0.00","6450.086","0.000"
"USEP","19 Jul 2021","17","117.82","0.00","6698.934","0.000"
"USEP","19 Jul 2021","18","110.69","0.00","6832.592","0.000"
"USEP","19 Jul 2021","19","113.17","0.00","6911.357","0.000"
"USEP","19 Jul 2021","20","114.81","0.00","6979.605","0.000"
"USEP","19 Jul 2021","21","134.20","0.00","7024.722","0.000"
"USEP","19 Jul 2021","22","206.73","0.00","7063.220","0.000"
"USEP","19 Jul 2021","23","206.75","0.00","7055.362","0.000"
"USEP","19 Jul 2021","24","160.10","0.00","7010.269","0.000"
"USEP","19 Jul 2021","25","168.40","0.00","6953.452","0.000"
"USEP","19 Jul 2021","26","175.71","0.00","6963.715","0.000"
"USEP","19 Jul 2021","27","286.85","0.00","7007.635","0.000"
"USEP","19 Jul 2021","28","287.56","0.00","7050.646","0.000"
"USEP","19 Jul 2021","29","288.78","0.00","7039.622","0.000"
"USEP","19 Jul 2021","30","352.30","0.00","7051.426","0.000"
"USEP","19 Jul 2021","31","352.39","0.00","7055.337","0.000"
"USEP","19 Jul 2021","32","289.06","0.00","6993.749","0.000"
"USEP","19 Jul 2021","33","289.66","0.00","6983.287","0.000"
"USEP","19 Jul 2021","34","280.42","0.00","6961.156","0.000"
"USEP","19 Jul 2021","35","277.82","0.00","6920.074","0.000"
"USEP","19 Jul 2021","36","113.13","0.00","6825.733","0.000"
"USEP","19 Jul 2021","37","118.13","0.00","6740.135","0.000"
"USEP","19 Jul 2021","38","113.31","0.00","6729.171","0.000"
"USEP","19 Jul 2021","39","132.98","0.00","6759.682","0.000"
"USEP","19 Jul 2021","40","127.78","0.00","6746.765","0.000"
"USEP","19 Jul 2021","41","117.66","0.00","6693.268","0.000"
"USEP","19 Jul 2021","42","118.12","0.00","6658.279","0.000"
"USEP","19 Jul 2021","43","117.91","0.00","6595.911","0.000"
"USEP","19 Jul 2021","44","117.64","0.00","6488.156","0.000"
"USEP","19 Jul 2021","45","99.37","0.00","6360.780","0.000"
"USEP","19 Jul 2021","46","105.99","0.00","6257.061","0.000"
"USEP","19 Jul 2021","47","105.97","0.00","6129.938","0.000"
"USEP","19 Jul 2021","48","105.74","0.00","6007.100","0.000"
"USEP","20 Jul 2021","1","115.95","0.00","5875.504","0.000"
"USEP","20 Jul 2021","2","115.85","0.00","5772.123","0.000"
"USEP","20 Jul 2021","3","114.36","0.00","5699.059","0.000"
"USEP","20 Jul 2021","4","112.75","0.00","5618.476","0.000"
"USEP","20 Jul 2021","5","111.88","0.00","5552.067","0.000"
"USEP","20 Jul 2021","6","106.81","0.00","5493.311","0.000"
"USEP","20 Jul 2021","7","112.33","0.00","5460.012","0.000"
"USEP","20 Jul 2021","8","112.11","0.00","5426.067","0.000"
"USEP","20 Jul 2021","9","105.76","0.00","5404.845","0.000"
"USEP","20 Jul 2021","10","105.69","0.00","5400.695","0.000"
"USEP","20 Jul 2021","11","108.51","0.00","5420.173","0.000"
"USEP","20 Jul 2021","12","112.69","0.00","5467.129","0.000"
"USEP","20 Jul 2021","13","105.63","0.00","5510.671","0.000"
"USEP","20 Jul 2021","14","98.31","0.00","5552.673","0.000"
"USEP","20 Jul 2021","15","105.65","0.00","5592.289","0.000"
"USEP","20 Jul 2021","16","105.72","0.00","5669.458","0.000"
"USEP","20 Jul 2021","17","106.10","0.00","5800.621","0.000"
"USEP","20 Jul 2021","18","113.28","0.00","5903.744","0.000"
"USEP","20 Jul 2021","19","105.93","0.00","5970.088","0.000"
"USEP","20 Jul 2021","20","111.90","0.00","6047.680","0.000"
"USEP","20 Jul 2021","21","111.46","0.00","6123.800","0.000"
"USEP","20 Jul 2021","22","105.96","0.00","6154.759","0.000"
"USEP","20 Jul 2021","23","105.86","0.00","6138.263","0.000"
"USEP","20 Jul 2021","24","105.84","0.00","6111.604","0.000"
"USEP","20 Jul 2021","25","105.87","0.00","6121.355","0.000"
"USEP","20 Jul 2021","26","105.96","0.00","6148.332","0.000"
"USEP","20 Jul 2021","27","105.75","0.00","6160.231","0.000"
"USEP","20 Jul 2021","28","105.75","0.00","6163.163","0.000"
"USEP","20 Jul 2021","29","105.86","0.00","6192.262","0.000"
"USEP","20 Jul 2021","30","105.77","0.00","6176.791","0.000"
"USEP","20 Jul 2021","31","105.75","0.00","6152.800","0.000"
"USEP","20 Jul 2021","32","105.73","0.00","6157.353","0.000"
"USEP","20 Jul 2021","33","104.87","0.00","6159.540","0.000"
"USEP","20 Jul 2021","34","105.75","0.00","6183.604","0.000"
"USEP","20 Jul 2021","35","105.86","0.00","6207.267","0.000"
"USEP","20 Jul 2021","36","105.96","0.00","6221.521","0.000"
"USEP","20 Jul 2021","37","105.96","0.00","6266.062","0.000"
"USEP","20 Jul 2021","38","112.27","0.00","6380.317","0.000"
"USEP","20 Jul 2021","39","116.06","0.00","6439.858","0.000"
"USEP","20 Jul 2021","40","114.47","0.00","6468.127","0.000"
"USEP","20 Jul 2021","41","119.86","0.00","6482.162","0.000"
"USEP","20 Jul 2021","42","120.01","0.00","6505.695","0.000"
"USEP","20 Jul 2021","43","119.93","0.00","6493.404","0.000"
"USEP","20 Jul 2021","44","113.36","0.00","6416.359","0.000"
"USEP","20 Jul 2021","45","107.86","0.00","6311.403","0.000"
"USEP","20 Jul 2021","46","105.97","0.00","6216.307","0.000"
"USEP","20 Jul 2021","47","105.98","0.00","6092.151","0.000"
"USEP","20 Jul 2021","48","105.75","0.00","5988.522","0.000"
"USEP","21 Jul 2021","1","116.02","0.00","5915.319","0.000"
"USEP","21 Jul 2021","2","115.94","0.00","5850.406","0.000"
"USEP","21 Jul 2021","3","111.95","0.00","5688.259","0.000"
"USEP","21 Jul 2021","4","105.65","0.00","5532.147","0.000"
"USEP","21 Jul 2021","5","96.45","0.00","5468.794","0.000"
"USEP","21 Jul 2021","6","105.68","0.00","5480.086","0.000"
"USEP","21 Jul 2021","7","105.68","0.00","5462.522","0.000"
"USEP","21 Jul 2021","8","105.68","0.00","5437.205","0.000"
"USEP","21 Jul 2021","9","105.67","0.00","5425.560","0.000"
"USEP","21 Jul 2021","10","105.68","0.00","5449.938","0.000"
"USEP","21 Jul 2021","11","105.77","0.00","5519.443","0.000"
"USEP","21 Jul 2021","12","112.36","0.00","5666.307","0.000"
"USEP","21 Jul 2021","13","110.06","0.00","5837.007","0.000"
"USEP","21 Jul 2021","14","111.72","0.00","6001.653","0.000"
"USEP","21 Jul 2021","15","100.59","0.00","6177.780","0.000"
"USEP","21 Jul 2021","16","105.84","0.00","6410.768","0.000"
"USEP","21 Jul 2021","17","105.98","0.00","6653.066","0.000"
"USEP","21 Jul 2021","18","113.15","0.00","6808.696","0.000"
"USEP","21 Jul 2021","19","206.73","0.00","6924.378","0.000"
"USEP","21 Jul 2021","20","276.60","0.00","7003.833","0.000"
"USEP","21 Jul 2021","21","113.30","0.00","7049.786","0.000"
"USEP","21 Jul 2021","22","113.17","0.00","7040.293","0.000"
"USEP","21 Jul 2021","23","109.80","0.00","7045.527","0.000"
"USEP","21 Jul 2021","24","105.98","0.00","7014.862","0.000"
"USEP","21 Jul 2021","25","102.23","0.00","6967.110","0.000"
"USEP","21 Jul 2021","26","106.05","0.00","6965.162","0.000"
"USEP","21 Jul 2021","27","110.14","0.00","7023.112","0.000"
"USEP","21 Jul 2021","28","113.01","0.00","7047.256","0.000"
"USEP","21 Jul 2021","29","113.26","0.00","7069.060","0.000"
"USEP","21 Jul 2021","30","113.13","0.00","7056.963","0.000"
"USEP","21 Jul 2021","31","113.00","0.00","7054.453","0.000"
"USEP","21 Jul 2021","32","113.16","0.00","7072.399","0.000"
"USEP","21 Jul 2021","33","113.27","0.00","7085.848","0.000"
"USEP","21 Jul 2021","34","113.15","0.00","7069.641","0.000"
"USEP","21 Jul 2021","35","109.98","0.00","7016.586","0.000"
"USEP","21 Jul 2021","36","102.88","0.00","6932.747","0.000"
"USEP","21 Jul 2021","37","105.99","0.00","6900.154","0.000"
"USEP","21 Jul 2021","38","113.12","0.00","6900.020","0.000"
"USEP","21 Jul 2021","39","140.28","0.00","6912.435","0.000"
"USEP","21 Jul 2021","40","119.85","0.00","6853.287","0.000"
"USEP","21 Jul 2021","41","118.69","0.00","6820.903","0.000"
"USEP","21 Jul 2021","42","123.63","0.00","6793.667","0.000"
"USEP","21 Jul 2021","43","117.66","0.00","6725.230","0.000"
"USEP","21 Jul 2021","44","114.73","0.00","6592.581","0.000"
"USEP","21 Jul 2021","45","113.22","0.00","6461.164","0.000"
"USEP","21 Jul 2021","46","106.27","0.00","6337.207","0.000"
"USEP","21 Jul 2021","47","104.46","0.00","6205.229","0.000"
"USEP","21 Jul 2021","48","98.45","0.00","6093.732","0.000"
"USEP","22 Jul 2021","1","121.82","0.00","5979.974","0.000"
"USEP","22 Jul 2021","2","115.87","0.00","5881.389","0.000"
"USEP","22 Jul 2021","3","113.67","0.00","5770.901","0.000"
"USEP","22 Jul 2021","4","113.11","0.00","5694.477","0.000"
"USEP","22 Jul 2021","5","112.36","0.00","5648.027","0.000"
"USEP","22 Jul 2021","6","110.06","0.00","5593.044","0.000"
"USEP","22 Jul 2021","7","111.99","0.00","5565.525","0.000"
"USEP","22 Jul 2021","8","111.68","0.00","5535.477","0.000"
"USEP","22 Jul 2021","9","111.69","0.00","5535.735","0.000"
"USEP","22 Jul 2021","10","111.30","0.00","5538.131","0.000"
"USEP","22 Jul 2021","11","111.61","0.00","5608.923","0.000"
"USEP","22 Jul 2021","12","113.23","0.00","5763.262","0.000"
"USEP","22 Jul 2021","13","112.06","0.00","5923.852","0.000"
"USEP","22 Jul 2021","14","115.95","0.00","6084.696","0.000"
"USEP","22 Jul 2021","15","105.87","0.00","6243.975","0.000"
"USEP","22 Jul 2021","16","110.01","0.00","6467.287","0.000"
"USEP","22 Jul 2021","17","110.03","0.00","6685.072","0.000"
"USEP","22 Jul 2021","18","112.85","0.00","6820.908","0.000"
"USEP","22 Jul 2021","19","113.16","0.00","6908.991","0.000"
"USEP","22 Jul 2021","20","120.85","0.00","6990.623","0.000"
"USEP","22 Jul 2021","21","265.04","0.00","7051.332","0.000"
"USEP","22 Jul 2021","22","289.07","0.00","7059.383","0.000"
"USEP","22 Jul 2021","23","265.46","0.00","7038.454","0.000"
"USEP","22 Jul 2021","24","138.87","0.00","6949.780","0.000"
"USEP","22 Jul 2021","25","138.87","0.00","6925.342","0.000"
"USEP","22 Jul 2021","26","138.95","0.00","6925.968","0.000"
"USEP","22 Jul 2021","27","192.17","0.00","7005.369","0.000"
"USEP","22 Jul 2021","28","307.38","0.00","7043.802","0.000"
"USEP","22 Jul 2021","29","309.15","0.00","7057.445","0.000"
"USEP","22 Jul 2021","30","307.36","0.00","7042.977","0.000"
"USEP","22 Jul 2021","31","289.04","0.00","7036.889","0.000"
"USEP","22 Jul 2021","32","345.55","0.00","7068.051","0.000"
"USEP","22 Jul 2021","33","309.16","0.00","7065.914","0.000"
"USEP","22 Jul 2021","34","309.18","0.00","7057.340","0.000"
"USEP","22 Jul 2021","35","179.09","0.00","7009.946","0.000"
"USEP","22 Jul 2021","36","113.32","0.00","6911.148","0.000"
"USEP","22 Jul 2021","37","113.31","0.00","6863.033","0.000"
"USEP","22 Jul 2021","38","153.47","0.00","6894.990","0.000"
"USEP","22 Jul 2021","39","164.30","0.00","6911.312","0.000"
"USEP","22 Jul 2021","40","154.37","0.00","6881.919","0.000"
"USEP","22 Jul 2021","41","186.61","0.00","6853.685","0.000"
"USEP","22 Jul 2021","42","206.71","0.00","6842.686","0.000"
"USEP","22 Jul 2021","43","357.64","0.00","6773.986","0.000"
"USEP","22 Jul 2021","44","183.71","0.00","6653.051","0.000"
"USEP","22 Jul 2021","45","153.38","0.00","6505.884","0.000"
"USEP","22 Jul 2021","46","115.79","0.00","6407.259","0.000"
"USEP","22 Jul 2021","47","128.35","0.00","6279.227","0.000"
"USEP","22 Jul 2021","48","123.08","0.00","6122.106","0.000"
"USEP","23 Jul 2021","1","118.36","0.00","5973.493","0.000"
"USEP","23 Jul 2021","2","115.86","0.00","5865.152","0.000"
"USEP","23 Jul 2021","3","115.84","0.00","5797.127","0.000"
"USEP","23 Jul 2021","4","115.76","0.00","5739.361","0.000"
"USEP","23 Jul 2021","5","113.47","0.00","5684.840","0.000"
"USEP","23 Jul 2021","6","113.19","0.00","5641.030","0.000"
"USEP","23 Jul 2021","7","113.45","0.00","5604.505","0.000"
"USEP","23 Jul 2021","8","113.17","0.00","5567.906","0.000"
"USEP","23 Jul 2021","9","113.03","0.00","5563.517","0.000"
"USEP","23 Jul 2021","10","113.19","0.00","5575.495","0.000"
"USEP","23 Jul 2021","11","113.57","0.00","5649.906","0.000"
"USEP","23 Jul 2021","12","115.81","0.00","5794.071","0.000"
"USEP","23 Jul 2021","13","116.68","0.00","5966.361","0.000"
"USEP","23 Jul 2021","14","143.40","0.00","6116.470","0.000"
"USEP","23 Jul 2021","15","113.23","0.00","6295.996","0.000"
"USEP","23 Jul 2021","16","115.98","0.00","6516.023","0.000"
"USEP","23 Jul 2021","17","119.62","0.00","6739.827","0.000"
"USEP","23 Jul 2021","18","118.39","0.00","6870.821","0.000"
"USEP","23 Jul 2021","19","138.90","0.00","6953.204","0.000"
"USEP","23 Jul 2021","20","148.57","0.00","7009.872","0.000"
"USEP","23 Jul 2021","21","183.43","0.00","7051.043","0.000"
"USEP","23 Jul 2021","22","187.41","0.00","7070.501","0.000"
"USEP","23 Jul 2021","23","151.31","0.00","7048.414","0.000"
"USEP","23 Jul 2021","24","139.02","0.00","7000.623","0.000"
"USEP","23 Jul 2021","25","118.59","0.00","6963.139","0.000"
"USEP","23 Jul 2021","26","110.21","0.00","6962.900","0.000"
"USEP","23 Jul 2021","27","115.94","0.00","7001.627","0.000"
"USEP","23 Jul 2021","28","183.37","0.00","7053.598","0.000"
"USEP","23 Jul 2021","29","354.06","0.00","7098.074","0.000"
"USEP","23 Jul 2021","30","354.10","0.00","7096.981","0.000"
"USEP","23 Jul 2021","31","354.11","0.00","7102.975","0.000"
"USEP","23 Jul 2021","32","354.16","0.00","7115.251","0.000"
"USEP","23 Jul 2021","33","354.37","0.00","7120.295","0.000"
"USEP","23 Jul 2021","34","410.31","0.00","7159.802","0.000"
"USEP","23 Jul 2021","35","294.86","0.00","7128.327","0.000"
"USEP","23 Jul 2021","36","118.61","0.00","7003.833","0.000"
"USEP","23 Jul 2021","37","115.57","0.00","6898.713","0.000"
"USEP","23 Jul 2021","38","130.51","0.00","6877.163","0.000"
"USEP","23 Jul 2021","39","131.23","0.00","6863.734","0.000"
"USEP","23 Jul 2021","40","118.57","0.00","6820.127","0.000"
"USEP","23 Jul 2021","41","116.81","0.00","6742.938","0.000"
"USEP","23 Jul 2021","42","151.29","0.00","6684.372","0.000"
"USEP","23 Jul 2021","43","138.79","0.00","6607.431","0.000"
"USEP","23 Jul 2021","44","133.73","0.00","6482.267","0.000"
"USEP","23 Jul 2021","45","133.73","0.00","6343.589","0.000"
"USEP","23 Jul 2021","46","133.72","0.00","6228.076","0.000"
"USEP","23 Jul 2021","47","105.75","0.00","6117.339","0.000"
"USEP","23 Jul 2021","48","100.96","0.00","6008.337","0.000"
"USEP","24 Jul 2021","1","105.79","0.00","5907.332","0.000"
"USEP","24 Jul 2021","2","97.48","0.00","5788.539","0.000"
"USEP","24 Jul 2021","3","95.47","0.00","5675.263","0.000"
"USEP","24 Jul 2021","4","105.83","0.00","5625.454","0.000"
"USEP","24 Jul 2021","5","110.03","0.00","5558.657","0.000"
"USEP","24 Jul 2021","6","105.70","0.00","5498.053","0.000"
"USEP","24 Jul 2021","7","109.84","0.00","5472.258","0.000"
"USEP","24 Jul 2021","8","105.69","0.00","5444.168","0.000"
"USEP","24 Jul 2021","9","109.85","0.00","5445.043","0.000"
"USEP","24 Jul 2021","10","105.70","0.00","5428.060","0.000"
"USEP","24 Jul 2021","11","109.84","0.00","5470.916","0.000"
"USEP","24 Jul 2021","12","112.25","0.00","5543.563","0.000"
"USEP","24 Jul 2021","13","105.73","0.00","5633.649","0.000"
"USEP","24 Jul 2021","14","105.85","0.00","5689.268","0.000"
"USEP","24 Jul 2021","15","109.42","0.00","5769.673","0.000"
"USEP","24 Jul 2021","16","115.80","0.00","5913.609","0.000"
"USEP","24 Jul 2021","17","170.48","0.00","6103.056","0.000"
"USEP","24 Jul 2021","18","159.64","0.00","6239.482","0.000"
"USEP","24 Jul 2021","19","119.69","0.00","6322.481","0.000"
"USEP","24 Jul 2021","20","123.82","0.00","6388.468","0.000"
"USEP","24 Jul 2021","21","125.58","0.00","6439.236","0.000"
"USEP","24 Jul 2021","22","123.85","0.00","6447.974","0.000"
"USEP","24 Jul 2021","23","114.64","0.00","6415.574","0.000"
"USEP","24 Jul 2021","24","110.12","0.00","6361.292","0.000"
"USEP","24 Jul 2021","25","105.75","0.00","6299.107","0.000"
"USEP","24 Jul 2021","26","95.91","0.00","6257.951","0.000"
"USEP","24 Jul 2021","27","95.90","0.00","6238.165","0.000"
"USEP","24 Jul 2021","28","95.89","0.00","6227.340","0.000"
"USEP","24 Jul 2021","29","95.89","0.00","6221.680","0.000"
"USEP","24 Jul 2021","30","95.89","0.00","6224.418","0.000"
"USEP","24 Jul 2021","31","95.87","0.00","6218.285","0.000"
"USEP","24 Jul 2021","32","95.88","0.00","6231.883","0.000"
"USEP","24 Jul 2021","33","95.89","0.00","6236.306","0.000"
"USEP","24 Jul 2021","34","95.89","0.00","6253.403","0.000"
"USEP","24 Jul 2021","35","105.72","0.00","6257.086","0.000"
"USEP","24 Jul 2021","36","105.73","0.00","6259.745","0.000"
"USEP","24 Jul 2021","37","105.80","0.00","6299.241","0.000"
"USEP","24 Jul 2021","38","110.14","0.00","6395.992","0.000"
"USEP","24 Jul 2021","39","116.99","0.00","6470.075","0.000"
"USEP","24 Jul 2021","40","119.11","0.00","6502.514","0.000"
"USEP","24 Jul 2021","41","118.38","0.00","6497.992","0.000"
"USEP","24 Jul 2021","42","153.29","0.00","6504.691","0.000"
"USEP","24 Jul 2021","43","153.32","0.00","6477.664","0.000"
"USEP","24 Jul 2021","44","127.41","0.00","6416.638","0.000"
"USEP","24 Jul 2021","45","123.43","0.00","6327.759","0.000"
"USEP","24 Jul 2021","46","147.82","0.00","6234.910","0.000"
"USEP","24 Jul 2021","47","129.15","0.00","6164.336","0.000"
"USEP","24 Jul 2021","48","170.57","0.00","6088.190","0.000"
"USEP","25 Jul 2021","1","183.59","0.00","6010.385","0.000"
"USEP","25 Jul 2021","2","173.45","0.00","5887.487","0.000"
"USEP","25 Jul 2021","3","169.50","0.00","5752.596","0.000"
"USEP","25 Jul 2021","4","153.52","0.00","5678.091","0.000"
"USEP","25 Jul 2021","5","137.48","0.00","5609.788","0.000"
"USEP","25 Jul 2021","6","121.29","0.00","5547.971","0.000"
"USEP","25 Jul 2021","7","119.51","0.00","5496.169","0.000"
"USEP","25 Jul 2021","8","114.46","0.00","5465.499","0.000"
"USEP","25 Jul 2021","9","112.89","0.00","5433.636","0.000"
"USEP","25 Jul 2021","10","114.46","0.00","5442.483","0.000"
"USEP","25 Jul 2021","11","114.46","0.00","5464.734","0.000"
"USEP","25 Jul 2021","12","125.57","0.00","5519.329","0.000"
"USEP","25 Jul 2021","13","109.84","0.00","5548.339","0.000"
"USEP","25 Jul 2021","14","105.67","0.00","5569.059","0.000"
"USEP","25 Jul 2021","15","105.68","0.00","5597.194","0.000"
"USEP","25 Jul 2021","16","105.73","0.00","5655.696","0.000"
"USEP","25 Jul 2021","17","110.22","0.00","5778.018","0.000"
"USEP","25 Jul 2021","18","113.08","0.00","5868.998","0.000"
"USEP","25 Jul 2021","19","121.91","0.00","5961.172","0.000"
"USEP","25 Jul 2021","20","134.91","0.00","6026.786","0.000"
"USEP","25 Jul 2021","21","134.80","0.00","6084.373","0.000"
"USEP","25 Jul 2021","22","114.58","0.00","6099.020","0.000"
"USEP","25 Jul 2021","23","109.85","0.00","6092.281","0.000"
"USEP","25 Jul 2021","24","114.17","0.00","6073.638","0.000"
"USEP","25 Jul 2021","25","117.09","0.00","6082.296","0.000"
"USEP","25 Jul 2021","26","116.98","0.00","6069.444","0.000"
"USEP","25 Jul 2021","27","120.73","0.00","6088.464","0.000"
"USEP","25 Jul 2021","28","119.49","0.00","6112.434","0.000"
"USEP","25 Jul 2021","29","120.57","0.00","6121.221","0.000"
"USEP","25 Jul 2021","30","141.23","0.00","6134.153","0.000"
"USEP","25 Jul 2021","31","155.85","0.00","6139.545","0.000"
"USEP","25 Jul 2021","32","153.40","0.00","6163.213","0.000"
"USEP","25 Jul 2021","33","153.24","0.00","6163.824","0.000"
"USEP","25 Jul 2021","34","183.43","0.00","6191.447","0.000"
"USEP","25 Jul 2021","35","183.67","0.00","6184.350","0.000"
"USEP","25 Jul 2021","36","183.67","0.00","6186.944","0.000"
"USEP","25 Jul 2021","37","186.16","0.00","6238.463","0.000"
"USEP","25 Jul 2021","38","256.85","0.00","6351.407","0.000"
"USEP","25 Jul 2021","39","352.28","0.00","6459.559","0.000"
"USEP","25 Jul 2021","40","381.98","0.00","6486.854","0.000"
"USEP","25 Jul 2021","41","410.23","0.00","6520.715","0.000"
"USEP","25 Jul 2021","42","458.83","0.00","6571.781","0.000"
"USEP","25 Jul 2021","43","501.28","0.00","6572.417","0.000"
"USEP","25 Jul 2021","44","501.11","0.00","6499.721","0.000"
"USEP","25 Jul 2021","45","405.36","0.00","6383.557","0.000"
"USEP","25 Jul 2021","46","206.32","0.00","6282.453","0.000"
"USEP","25 Jul 2021","47","504.53","0.00","6168.083","0.000"
"USEP","25 Jul 2021","48","281.97","0.00","6035.896","0.000"
"USEP","26 Jul 2021","1","235.80","0.00","5908.460","0.000"
"USEP","26 Jul 2021","2","229.55","0.00","5803.385","0.000"
"USEP","26 Jul 2021","3","205.59","0.00","5716.782","0.000"
"USEP","26 Jul 2021","4","200.79","0.00","5646.004","0.000"
"USEP","26 Jul 2021","5","195.46","0.00","5598.914","0.000"
"USEP","26 Jul 2021","6","194.45","0.00","5549.666","0.000"
"USEP","26 Jul 2021","7","164.94","0.00","5523.017","0.000"
"USEP","26 Jul 2021","8","156.88","0.00","5493.719","0.000"
"USEP","26 Jul 2021","9","145.89","0.00","5495.523","0.000"
"USEP","26 Jul 2021","10","156.87","0.00","5507.461","0.000"
"USEP","26 Jul 2021","11","175.17","0.00","5577.647","0.000"
"USEP","26 Jul 2021","12","191.56","0.00","5744.420","0.000"
"USEP","26 Jul 2021","13","210.94","0.00","5926.879","0.000"
"USEP","26 Jul 2021","14","303.21","0.00","6103.930","0.000"
"USEP","26 Jul 2021","15","179.41","0.00","6293.382","0.000"
"USEP","26 Jul 2021","16","292.29","0.00","6522.628","0.000"
"USEP","26 Jul 2021","17","289.19","0.00","6742.496","0.000"
"USEP","26 Jul 2021","18","469.88","0.00","6886.626","0.000"
"USEP","26 Jul 2021","19","475.38","0.00","6990.971","0.000"
"USEP","26 Jul 2021","20","1009.95","4500.00","7019.743","33.000"
"USEP","26 Jul 2021","21","1283.72","1724.50","7065.132","35.000"
"USEP","26 Jul 2021","22","1312.88","4500.00","7073.835","35.000"
"USEP","26 Jul 2021","23","1300.12","4500.00","7065.366","35.000"
"USEP","26 Jul 2021","24","1283.78","1710.61","7018.166","35.000"
"USEP","26 Jul 2021","25","1009.89","4500.00","6986.348","35.000"
"USEP","26 Jul 2021","26","1009.86","4500.00","6968.818","35.000"
"USEP","26 Jul 2021","27","1313.01","4500.00","7018.359","35.000"
"USEP","26 Jul 2021","28","1355.56","4500.00","7040.506","35.000"
"USEP","26 Jul 2021","29","1355.57","4500.00","7043.870","35.000"
"USEP","26 Jul 2021","30","1463.27","3052.23","7053.239","35.000"
"USEP","26 Jul 2021","31","996.39","736.39","7029.830","35.000"
"USEP","26 Jul 2021","32","569.37","4500.00","7018.011","35.000"
"USEP","26 Jul 2021","33","569.35","4500.00","7023.732","35.000"
"USEP","26 Jul 2021","34","555.13","4500.00","7017.743","35.000"
"USEP","26 Jul 2021","35","555.10","0.00","7029.732","0.000"
"USEP","26 Jul 2021","36","270.81","0.00","6925.297","0.000"
"USEP","26 Jul 2021","37","272.81","0.00","6848.958","0.000"
"USEP","26 Jul 2021","38","297.00","0.00","6837.989","0.000"
"USEP","26 Jul 2021","39","397.70","0.00","6838.596","0.000"
"USEP","26 Jul 2021","40","264.16","0.00","6806.281","0.000"
"USEP","26 Jul 2021","41","416.80","0.00","6785.466","0.000"
"USEP","26 Jul 2021","42","554.05","0.00","6773.320","0.000"
"USEP","26 Jul 2021","43","416.92","0.00","6716.662","0.000"
"USEP","26 Jul 2021","44","318.35","0.00","6597.089","0.000"
"USEP","26 Jul 2021","45","264.56","0.00","6460.245","0.000"
"USEP","26 Jul 2021","46","170.84","0.00","6338.092","0.000"
"USEP","26 Jul 2021","47","264.62","0.00","6215.383","0.000"
"USEP","26 Jul 2021","48","264.46","0.00","6004.262","0.000"
"USEP","27 Jul 2021","1","163.28","0.00","5794.985","0.000"
"USEP","27 Jul 2021","2","154.61","0.00","5690.322","0.000"
"USEP","27 Jul 2021","3","189.96","0.00","5713.338","0.000"
"USEP","27 Jul 2021","4","163.42","0.00","5652.833","0.000"
"USEP","27 Jul 2021","5","153.66","0.00","5581.066","0.000"
"USEP","27 Jul 2021","6","141.90","0.00","5535.357","0.000"
"USEP","27 Jul 2021","7","143.42","0.00","5504.404","0.000"
"USEP","27 Jul 2021","8","143.40","0.00","5500.925","0.000"
"USEP","27 Jul 2021","9","141.89","0.00","5495.876","0.000"
"USEP","27 Jul 2021","10","141.89","0.00","5499.698","0.000"
"USEP","27 Jul 2021","11","154.97","0.00","5561.087","0.000"
"USEP","27 Jul 2021","12","213.90","0.00","5716.986","0.000"
"USEP","27 Jul 2021","13","331.79","0.00","5904.827","0.000"
"USEP","27 Jul 2021","14","332.20","0.00","6062.585","0.000"
"USEP","27 Jul 2021","15","168.69","0.00","6221.729","0.000"
"USEP","27 Jul 2021","16","168.70","0.00","6437.671","0.000"
"USEP","27 Jul 2021","17","213.86","0.00","6668.915","0.000"
"USEP","27 Jul 2021","18","295.98","0.00","6833.536","0.000"
"USEP","27 Jul 2021","19","302.92","0.00","6907.878","0.000"
"USEP","27 Jul 2021","20","441.74","0.00","6973.129","0.000"
"USEP","27 Jul 2021","21","605.54","0.00","7012.113","0.000"
"USEP","27 Jul 2021","22","438.02","0.00","7014.593","0.000"
"USEP","27 Jul 2021","23","458.28","0.00","7001.055","0.000"
"USEP","27 Jul 2021","24","826.63","0.00","6944.596","0.000"
"USEP","27 Jul 2021","25","226.79","0.00","6898.425","0.000"
"USEP","27 Jul 2021","26","980.05","0.00","6930.660","0.000"
"USEP","27 Jul 2021","27","1294.67","0.00","7033.802","0.000"
"USEP","27 Jul 2021","28","1206.68","0.00","7026.362","0.000"
"USEP","27 Jul 2021","29","1144.90","0.00","7023.967","0.000"
"USEP","27 Jul 2021","30","1312.72","0.00","7033.524","0.000"
"USEP","27 Jul 2021","31","1312.71","0.00","7015.816","0.000"
"USEP","27 Jul 2021","32","1353.20","0.00","7033.122","0.000"
"USEP","27 Jul 2021","33","1353.04","0.00","7049.364","0.000"
"USEP","27 Jul 2021","34","1514.74","0.00","7047.912","0.000"
"USEP","27 Jul 2021","35","1514.86","0.00","7046.575","0.000"
"USEP","27 Jul 2021","36","1002.99","0.00","6934.035","0.000"
"USEP","27 Jul 2021","37","1020.21","0.00","6808.403","0.000"
"USEP","27 Jul 2021","38","1292.41","0.00","6813.423","0.000"
"USEP","27 Jul 2021","39","1312.73","0.00","6800.307","0.000"
"USEP","27 Jul 2021","40","1292.35","0.00","6753.390","0.000"
"USEP","27 Jul 2021","41","1292.02","0.00","6725.628","0.000"
"USEP","27 Jul 2021","42","1311.12","0.00","6708.218","0.000"
"USEP","27 Jul 2021","43","1002.84","0.00","6629.717","0.000"
"USEP","27 Jul 2021","44","200.62","0.00","6488.966","0.000"
"USEP","27 Jul 2021","45","163.69","0.00","6338.738","0.000"
"USEP","27 Jul 2021","46","119.65","0.00","6216.416","0.000"
"USEP","27 Jul 2021","47","120.28","0.00","6102.390","0.000"
"USEP","27 Jul 2021","48","892.61","0.00","6039.002","0.000"
"USEP","28 Jul 2021","1","306.92","0.00","5977.146","0.000"
"USEP","28 Jul 2021","2","245.27","0.00","5873.735","0.000"
"USEP","28 Jul 2021","3","183.80","0.00","5699.084","0.000"
"USEP","28 Jul 2021","4","166.53","0.00","5626.666","0.000"
"USEP","28 Jul 2021","5","166.52","0.00","5576.678","0.000"
"USEP","28 Jul 2021","6","153.28","0.00","5516.273","0.000"
"USEP","28 Jul 2021","7","155.80","0.00","5503.728","0.000"
"USEP","28 Jul 2021","8","153.46","0.00","5487.606","0.000"
"USEP","28 Jul 2021","9","153.46","0.00","5481.865","0.000"
"USEP","28 Jul 2021","10","153.46","0.00","5491.646","0.000"
"USEP","28 Jul 2021","11","166.47","0.00","5575.739","0.000"
"USEP","28 Jul 2021","12","199.02","0.00","5720.892","0.000"
"USEP","28 Jul 2021","13","294.95","0.00","5897.730","0.000"
"USEP","28 Jul 2021","14","309.85","0.00","6052.933","0.000"
"USEP","28 Jul 2021","15","169.98","0.00","6211.576","0.000"
"USEP","28 Jul 2021","16","170.01","0.00","6438.098","0.000"
"USEP","28 Jul 2021","17","204.01","0.00","6651.003","0.000"
"USEP","28 Jul 2021","18","153.28","0.00","6771.128","0.000"
"USEP","28 Jul 2021","19","115.16","0.00","6842.224","0.000"
"USEP","28 Jul 2021","20","155.87","0.00","6905.119","0.000"
"USEP","28 Jul 2021","21","183.48","0.00","6941.768","0.000"
"USEP","28 Jul 2021","22","186.07","0.00","6959.188","0.000"
"USEP","28 Jul 2021","23","206.19","0.00","6948.592","0.000"
"USEP","28 Jul 2021","24","191.74","0.00","6917.360","0.000"
"USEP","28 Jul 2021","25","155.85","0.00","6878.932","0.000"
"USEP","28 Jul 2021","26","180.62","0.00","6878.893","0.000"
"USEP","28 Jul 2021","27","358.20","0.00","6950.023","0.000"
"USEP","28 Jul 2021","28","914.59","0.00","6976.404","0.000"
"USEP","28 Jul 2021","29","973.45","0.00","6997.969","0.000"
"USEP","28 Jul 2021","30","1007.02","0.00","6990.365","0.000"
"USEP","28 Jul 2021","31","229.81","0.00","6990.613","0.000"
"USEP","28 Jul 2021","32","608.90","0.00","7024.315","0.000"
"USEP","28 Jul 2021","33","1006.49","0.00","7056.426","0.000"
"USEP","28 Jul 2021","34","1006.46","0.00","7057.952","0.000"
"USEP","28 Jul 2021","35","234.88","0.00","6998.555","0.000"
"USEP","28 Jul 2021","36","153.28","0.00","6886.074","0.000"
"USEP","28 Jul 2021","37","165.64","0.00","6817.518","0.000"
"USEP","28 Jul 2021","38","183.52","0.00","6826.539","0.000"
"USEP","28 Jul 2021","39","231.69","0.00","6831.275","0.000"
"USEP","28 Jul 2021","40","206.27","0.00","6796.028","0.000"
"USEP","28 Jul 2021","41","206.23","0.00","6763.504","0.000"
"USEP","28 Jul 2021","42","306.97","0.00","6735.975","0.000"
"USEP","28 Jul 2021","43","246.44","0.00","6668.045","0.000"
"USEP","28 Jul 2021","44","166.62","0.00","6511.873","0.000"
"USEP","28 Jul 2021","45","153.66","0.00","6375.049","0.000"
"USEP","28 Jul 2021","46","114.67","0.00","6254.462","0.000"
"USEP","28 Jul 2021","47","186.12","0.00","6140.917","0.000"
"USEP","28 Jul 2021","48","204.23","0.00","6059.036","0.000"
"USEP","29 Jul 2021","1","415.33","0.00","5991.544","0.000"
"USEP","29 Jul 2021","2","314.88","0.00","5888.302","0.000"
"USEP","29 Jul 2021","3","264.28","0.00","5743.163","0.000"
"USEP","29 Jul 2021","4","264.27","0.00","5678.618","0.000"
"USEP","29 Jul 2021","5","264.07","0.00","5623.336","0.000"
"USEP","29 Jul 2021","6","213.90","0.00","5566.271","0.000"
"USEP","29 Jul 2021","7","163.56","0.00","5536.789","0.000"
"USEP","29 Jul 2021","8","163.56","0.00","5520.865","0.000"
"USEP","29 Jul 2021","9","163.30","0.00","5505.299","0.000"
"USEP","29 Jul 2021","10","163.30","0.00","5515.969","0.000"
"USEP","29 Jul 2021","11","213.86","0.00","5592.493","0.000"
"USEP","29 Jul 2021","12","314.43","0.00","5751.135","0.000"
"USEP","29 Jul 2021","13","465.44","0.00","5932.803","0.000"
"USEP","29 Jul 2021","14","504.75","0.00","6071.108","0.000"
"USEP","29 Jul 2021","15","115.95","0.00","6239.939","0.000"
"USEP","29 Jul 2021","16","114.58","0.00","6470.403","0.000"
"USEP","29 Jul 2021","17","144.20","0.00","6690.057","0.000"
"USEP","29 Jul 2021","18","144.24","0.00","6834.759","0.000"
"USEP","29 Jul 2021","19","163.31","0.00","6897.540","0.000"
"USEP","29 Jul 2021","20","203.92","0.00","6988.247","0.000"
"USEP","29 Jul 2021","21","203.91","0.00","7022.396","0.000"
"USEP","29 Jul 2021","22","203.90","0.00","7017.645","0.000"
"USEP","29 Jul 2021","23","203.90","0.00","6987.740","0.000"
"USEP","29 Jul 2021","24","172.46","0.00","6922.450","0.000"
"USEP","29 Jul 2021","25","155.47","0.00","6868.456","0.000"
"USEP","29 Jul 2021","26","135.16","0.00","6884.275","0.000"
"USEP","29 Jul 2021","27","196.17","0.00","6951.276","0.000"
"USEP","29 Jul 2021","28","203.90","0.00","7003.331","0.000"
"USEP","29 Jul 2021","29","260.38","0.00","7025.706","0.000"
"USEP","29 Jul 2021","30","260.56","0.00","7029.091","0.000"
"USEP","29 Jul 2021","31","213.62","0.00","7022.053","0.000"
"USEP","29 Jul 2021","32","255.68","0.00","7031.526","0.000"
"USEP","29 Jul 2021","33","213.65","0.00","7032.664","0.000"
"USEP","29 Jul 2021","34","213.85","0.00","7029.911","0.000"
"USEP","29 Jul 2021","35","169.84","0.00","6984.132","0.000"
"USEP","29 Jul 2021","36","113.32","0.00","6886.874","0.000"
"USEP","29 Jul 2021","37","114.67","0.00","6837.413","0.000"
"USEP","29 Jul 2021","38","155.37","0.00","6829.913","0.000"
"USEP","29 Jul 2021","39","163.70","0.00","6844.982","0.000"
"USEP","29 Jul 2021","40","180.96","0.00","6822.577","0.000"
"USEP","29 Jul 2021","41","163.49","0.00","6769.821","0.000"
"USEP","29 Jul 2021","42","264.26","0.00","6753.703","0.000"
"USEP","29 Jul 2021","43","213.86","0.00","6689.545","0.000"
"USEP","29 Jul 2021","44","163.68","0.00","6561.896","0.000"
"USEP","29 Jul 2021","45","140.20","0.00","6425.291","0.000"
"USEP","29 Jul 2021","46","114.79","0.00","6306.388","0.000"
"USEP","29 Jul 2021","47","213.93","0.00","6201.467","0.000"
"USEP","29 Jul 2021","48","305.00","0.00","6091.570","0.000"
"USEP","30 Jul 2021","1","291.64","0.00","6000.072","0.000"
"USEP","30 Jul 2021","2","254.13","0.00","5906.234","0.000"
"USEP","30 Jul 2021","3","186.00","0.00","5817.748","0.000"
"USEP","30 Jul 2021","4","183.69","0.00","5734.774","0.000"
"USEP","30 Jul 2021","5","183.50","0.00","5691.450","0.000"
"USEP","30 Jul 2021","6","183.65","0.00","5645.085","0.000"
"USEP","30 Jul 2021","7","183.64","0.00","5617.949","0.000"
"USEP","30 Jul 2021","8","179.55","0.00","5584.739","0.000"
"USEP","30 Jul 2021","9","153.44","0.00","5577.145","0.000"
"USEP","30 Jul 2021","10","153.44","0.00","5594.053","0.000"
"USEP","30 Jul 2021","11","162.74","0.00","5653.961","0.000"
"USEP","30 Jul 2021","12","203.64","0.00","5806.545","0.000"
"USEP","30 Jul 2021","13","203.65","0.00","5971.246","0.000"
"USEP","30 Jul 2021","14","203.65","0.00","6122.016","0.000"
"USEP","30 Jul 2021","15","139.98","0.00","6290.628","0.000"
"USEP","30 Jul 2021","16","116.07","0.00","6515.178","0.000"
"USEP","30 Jul 2021","17","155.31","0.00","6739.121","0.000"
"USEP","30 Jul 2021","18","141.36","0.00","6862.556","0.000"
"USEP","30 Jul 2021","19","160.56","0.00","6946.171","0.000"
"USEP","30 Jul 2021","20","183.51","0.00","7007.645","0.000"
"USEP","30 Jul 2021","21","203.84","0.00","7052.917","0.000"
"USEP","30 Jul 2021","22","253.87","0.00","7062.206","0.000"
"USEP","30 Jul 2021","23","206.19","0.00","7048.613","0.000"
"USEP","30 Jul 2021","24","183.67","0.00","6995.186","0.000"
"USEP","30 Jul 2021","25","183.47","0.00","6949.476","0.000"
"USEP","30 Jul 2021","26","175.93","0.00","6957.354","0.000"
"USEP","30 Jul 2021","27","183.67","0.00","7000.991","0.000"
"USEP","30 Jul 2021","28","203.82","0.00","7056.674","0.000"
"USEP","30 Jul 2021","29","213.20","0.00","7072.106","0.000"
"USEP","30 Jul 2021","30","254.14","0.00","7085.938","0.000"
"USEP","30 Jul 2021","31","254.16","0.00","7087.657","0.000"
"USEP","30 Jul 2021","32","254.15","0.00","7095.430","0.000"
"USEP","30 Jul 2021","33","211.25","0.00","7099.884","0.000"
"USEP","30 Jul 2021","34","254.51","0.00","7104.814","0.000"
"USEP","30 Jul 2021","35","203.11","0.00","7043.067","0.000"
"USEP","30 Jul 2021","36","147.29","0.00","6957.975","0.000"
"USEP","30 Jul 2021","37","147.21","0.00","6894.145","0.000"
"USEP","30 Jul 2021","38","183.67","0.00","6908.648","0.000"
"USEP","30 Jul 2021","39","201.31","0.00","6901.625","0.000"
"USEP","30 Jul 2021","40","183.65","0.00","6850.335","0.000"
"USEP","30 Jul 2021","41","204.97","0.00","6822.324","0.000"
"USEP","30 Jul 2021","42","309.52","0.00","6805.585","0.000"
"USEP","30 Jul 2021","43","346.52","0.00","6725.036","0.000"
"USEP","30 Jul 2021","44","499.42","0.00","6565.837","0.000"
"USEP","30 Jul 2021","45","504.98","0.00","6456.095","0.000"
"USEP","30 Jul 2021","46","1181.83","0.00","6391.485","0.000"
"USEP","30 Jul 2021","47","505.95","0.00","6293.372","0.000"
"USEP","30 Jul 2021","48","254.56","0.00","6132.349","0.000"
"USEP","31 Jul 2021","1","156.28","0.00","5968.548","0.000"
"USEP","31 Jul 2021","2","134.80","0.00","5859.705","0.000"
"USEP","31 Jul 2021","3","135.72","0.00","5836.430","0.000"
"USEP","31 Jul 2021","4","124.51","0.00","5754.544","0.000"
"USEP","31 Jul 2021","5","121.75","0.00","5696.276","0.000"
"USEP","31 Jul 2021","6","120.66","0.00","5631.094","0.000"
"USEP","31 Jul 2021","7","119.55","0.00","5593.183","0.000"
"USEP","31 Jul 2021","8","116.25","0.00","5556.873","0.000"
"USEP","31 Jul 2021","9","116.03","0.00","5548.225","0.000"
"USEP","31 Jul 2021","10","115.89","0.00","5539.050","0.000"
"USEP","31 Jul 2021","11","115.92","0.00","5555.948","0.000"
"USEP","31 Jul 2021","12","118.40","0.00","5628.803","0.000"
"USEP","31 Jul 2021","13","124.44","0.00","5690.918","0.000"
"USEP","31 Jul 2021","14","130.59","0.00","5759.917","0.000"
"USEP","31 Jul 2021","15","135.03","0.00","5835.212","0.000"
"USEP","31 Jul 2021","16","185.49","0.00","5984.745","0.000"
"USEP","31 Jul 2021","17","296.46","0.00","6179.668","0.000"
"USEP","31 Jul 2021","18","290.32","0.00","6312.611","0.000"
"USEP","31 Jul 2021","19","290.92","0.00","6403.070","0.000"
"USEP","31 Jul 2021","20","293.90","0.00","6451.149","0.000"
"USEP","31 Jul 2021","21","301.24","0.00","6492.420","0.000"
"USEP","31 Jul 2021","22","301.24","0.00","6493.385","0.000"
"USEP","31 Jul 2021","23","287.39","0.00","6470.339","0.000"
"USEP","31 Jul 2021","24","193.68","0.00","6385.958","0.000"
"USEP","31 Jul 2021","25","114.61","0.00","6295.534","0.000"
"USEP","31 Jul 2021","26","110.30","0.00","6213.613","0.000"
"USEP","31 Jul 2021","27","110.27","0.00","6179.052","0.000"
"USEP","31 Jul 2021","28","110.01","0.00","6164.728","0.000"
"USEP","31 Jul 2021","29","108.37","0.00","6145.430","0.000"
"USEP","31 Jul 2021","30","108.33","0.00","6127.632","0.000"
"USEP","31 Jul 2021","31","108.35","0.00","6117.916","0.000"
"USEP","31 Jul 2021","32","105.97","0.00","6108.080","0.000"
"USEP","31 Jul 2021","33","105.88","0.00","6083.479","0.000"
"USEP","31 Jul 2021","34","105.88","0.00","6090.606","0.000"
"USEP","31 Jul 2021","35","105.89","0.00","6089.666","0.000"
"USEP","31 Jul 2021","36","105.86","0.00","6075.949","0.000"
"USEP","31 Jul 2021","37","110.35","0.00","6137.105","0.000"
"USEP","31 Jul 2021","38","114.60","0.00","6220.860","0.000"
"USEP","31 Jul 2021","39","135.01","0.00","6288.844","0.000"
"USEP","31 Jul 2021","40","135.02","0.00","6297.974","0.000"
"USEP","31 Jul 2021","41","135.09","0.00","6332.262","0.000"
"USEP","31 Jul 2021","42","148.52","0.00","6349.135","0.000"
"USEP","31 Jul 2021","43","145.06","0.00","6330.219","0.000"
"USEP","31 Jul 2021","44","113.64","0.00","6235.521","0.000"
"USEP","31 Jul 2021","45","119.46","0.00","6153.894","0.000"
"USEP","31 Jul 2021","46","111.47","0.00","6062.312","0.000"
"USEP","31 Jul 2021","47","124.73","0.00","5990.947","0.000"
"USEP","31 Jul 2021","48","170.36","0.00","5980.833","0.000"
