"INFORMATION TYPE","DATE","PERIOD","PRICE ($/MWh)"
"MFP","01 Feb 2021","1","0.60"
"MFP","01 Feb 2021","2","0.01"
"MFP","01 Feb 2021","3","0.01"
"MFP","01 Feb 2021","4","0.01"
"MFP","01 Feb 2021","5","0.01"
"MFP","01 Feb 2021","6","0.01"
"MFP","01 Feb 2021","7","0.01"
"MFP","01 Feb 2021","8","0.01"
"MFP","01 Feb 2021","9","0.01"
"MFP","01 Feb 2021","10","0.01"
"MFP","01 Feb 2021","11","0.01"
"MFP","01 Feb 2021","12","0.90"
"MFP","01 Feb 2021","13","0.90"
"MFP","01 Feb 2021","14","1.49"
"MFP","01 Feb 2021","15","1.20"
"MFP","01 Feb 2021","16","11.33"
"MFP","01 Feb 2021","17","16.69"
"MFP","01 Feb 2021","18","23.00"
"MFP","01 Feb 2021","19","23.58"
"MFP","01 Feb 2021","20","17.88"
"MFP","01 Feb 2021","21","21.08"
"MFP","01 Feb 2021","22","17.00"
"MFP","01 Feb 2021","23","20.00"
"MFP","01 Feb 2021","24","13.32"
"MFP","01 Feb 2021","25","11.31"
"MFP","01 Feb 2021","26","12.12"
"MFP","01 Feb 2021","27","19.87"
"MFP","01 Feb 2021","28","22.58"
"MFP","01 Feb 2021","29","22.14"
"MFP","01 Feb 2021","30","20.09"
"MFP","01 Feb 2021","31","19.93"
"MFP","01 Feb 2021","32","23.99"
"MFP","01 Feb 2021","33","24.99"
"MFP","01 Feb 2021","34","23.49"
"MFP","01 Feb 2021","35","17.88"
"MFP","01 Feb 2021","36","12.71"
"MFP","01 Feb 2021","37","21.66"
"MFP","01 Feb 2021","38","13.33"
"MFP","01 Feb 2021","39","28.99"
"MFP","01 Feb 2021","40","19.87"
"MFP","01 Feb 2021","41","13.33"
"MFP","01 Feb 2021","42","12.12"
"MFP","01 Feb 2021","43","9.64"
"MFP","01 Feb 2021","44","6.89"
"MFP","01 Feb 2021","45","4.39"
"MFP","01 Feb 2021","46","1.28"
"MFP","01 Feb 2021","47","1.20"
"MFP","01 Feb 2021","48","0.90"
"MFP","02 Feb 2021","1","1.00"
"MFP","02 Feb 2021","2","0.60"
"MFP","02 Feb 2021","3","0.50"
"MFP","02 Feb 2021","4","0.50"
"MFP","02 Feb 2021","5","0.01"
"MFP","02 Feb 2021","6","0.50"
"MFP","02 Feb 2021","7","0.50"
"MFP","02 Feb 2021","8","0.01"
"MFP","02 Feb 2021","9","0.01"
"MFP","02 Feb 2021","10","0.01"
"MFP","02 Feb 2021","11","0.50"
"MFP","02 Feb 2021","12","1.00"
"MFP","02 Feb 2021","13","1.28"
"MFP","02 Feb 2021","14","1.48"
"MFP","02 Feb 2021","15","2.46"
"MFP","02 Feb 2021","16","9.88"
"MFP","02 Feb 2021","17","12.62"
"MFP","02 Feb 2021","18","19.38"
"MFP","02 Feb 2021","19","19.07"
"MFP","02 Feb 2021","20","27.11"
"MFP","02 Feb 2021","21","30.70"
"MFP","02 Feb 2021","22","28.99"
"MFP","02 Feb 2021","23","28.99"
"MFP","02 Feb 2021","24","28.56"
"MFP","02 Feb 2021","25","19.18"
"MFP","02 Feb 2021","26","19.18"
"MFP","02 Feb 2021","27","20.72"
"MFP","02 Feb 2021","28","36.07"
"MFP","02 Feb 2021","29","38.48"
"MFP","02 Feb 2021","30","41.78"
"MFP","02 Feb 2021","31","37.71"
"MFP","02 Feb 2021","32","47.76"
"MFP","02 Feb 2021","33","38.88"
"MFP","02 Feb 2021","34","35.21"
"MFP","02 Feb 2021","35","30.69"
"MFP","02 Feb 2021","36","20.38"
"MFP","02 Feb 2021","37","19.80"
"MFP","02 Feb 2021","38","21.68"
"MFP","02 Feb 2021","39","28.25"
"MFP","02 Feb 2021","40","21.55"
"MFP","02 Feb 2021","41","14.28"
"MFP","02 Feb 2021","42","17.87"
"MFP","02 Feb 2021","43","10.87"
"MFP","02 Feb 2021","44","6.47"
"MFP","02 Feb 2021","45","2.78"
"MFP","02 Feb 2021","46","1.69"
"MFP","02 Feb 2021","47","1.10"
"MFP","02 Feb 2021","48","1.00"
"MFP","03 Feb 2021","1","1.00"
"MFP","03 Feb 2021","2","0.60"
"MFP","03 Feb 2021","3","0.50"
"MFP","03 Feb 2021","4","0.50"
"MFP","03 Feb 2021","5","0.01"
"MFP","03 Feb 2021","6","0.50"
"MFP","03 Feb 2021","7","0.50"
"MFP","03 Feb 2021","8","0.01"
"MFP","03 Feb 2021","9","0.01"
"MFP","03 Feb 2021","10","0.01"
"MFP","03 Feb 2021","11","0.50"
"MFP","03 Feb 2021","12","1.00"
"MFP","03 Feb 2021","13","1.20"
"MFP","03 Feb 2021","14","1.20"
"MFP","03 Feb 2021","15","1.33"
"MFP","03 Feb 2021","16","6.96"
"MFP","03 Feb 2021","17","12.96"
"MFP","03 Feb 2021","18","18.87"
"MFP","03 Feb 2021","19","20.47"
"MFP","03 Feb 2021","20","24.99"
"MFP","03 Feb 2021","21","28.88"
"MFP","03 Feb 2021","22","28.99"
"MFP","03 Feb 2021","23","28.88"
"MFP","03 Feb 2021","24","13.32"
"MFP","03 Feb 2021","25","12.12"
"MFP","03 Feb 2021","26","12.70"
"MFP","03 Feb 2021","27","20.38"
"MFP","03 Feb 2021","28","29.88"
"MFP","03 Feb 2021","29","28.88"
"MFP","03 Feb 2021","30","19.58"
"MFP","03 Feb 2021","31","28.99"
"MFP","03 Feb 2021","32","28.99"
"MFP","03 Feb 2021","33","28.99"
"MFP","03 Feb 2021","34","24.97"
"MFP","03 Feb 2021","35","21.41"
"MFP","03 Feb 2021","36","13.62"
"MFP","03 Feb 2021","37","13.75"
"MFP","03 Feb 2021","38","19.18"
"MFP","03 Feb 2021","39","20.58"
"MFP","03 Feb 2021","40","18.95"
"MFP","03 Feb 2021","41","13.83"
"MFP","03 Feb 2021","42","12.61"
"MFP","03 Feb 2021","43","9.66"
"MFP","03 Feb 2021","44","5.21"
"MFP","03 Feb 2021","45","2.05"
"MFP","03 Feb 2021","46","1.88"
"MFP","03 Feb 2021","47","1.00"
"MFP","03 Feb 2021","48","1.00"
"MFP","04 Feb 2021","1","1.00"
"MFP","04 Feb 2021","2","0.60"
"MFP","04 Feb 2021","3","0.50"
"MFP","04 Feb 2021","4","0.50"
"MFP","04 Feb 2021","5","0.50"
"MFP","04 Feb 2021","6","0.50"
"MFP","04 Feb 2021","7","0.50"
"MFP","04 Feb 2021","8","0.01"
"MFP","04 Feb 2021","9","0.01"
"MFP","04 Feb 2021","10","0.01"
"MFP","04 Feb 2021","11","0.50"
"MFP","04 Feb 2021","12","1.12"
"MFP","04 Feb 2021","13","1.33"
"MFP","04 Feb 2021","14","1.33"
"MFP","04 Feb 2021","15","8.00"
"MFP","04 Feb 2021","16","6.68"
"MFP","04 Feb 2021","17","10.59"
"MFP","04 Feb 2021","18","10.59"
"MFP","04 Feb 2021","19","9.88"
"MFP","04 Feb 2021","20","8.47"
"MFP","04 Feb 2021","21","8.93"
"MFP","04 Feb 2021","22","3.66"
"MFP","04 Feb 2021","23","8.00"
"MFP","04 Feb 2021","24","2.83"
"MFP","04 Feb 2021","25","2.80"
"MFP","04 Feb 2021","26","5.00"
"MFP","04 Feb 2021","27","8.00"
"MFP","04 Feb 2021","28","8.00"
"MFP","04 Feb 2021","29","8.00"
"MFP","04 Feb 2021","30","8.00"
"MFP","04 Feb 2021","31","5.00"
"MFP","04 Feb 2021","32","5.00"
"MFP","04 Feb 2021","33","8.00"
"MFP","04 Feb 2021","34","8.78"
"MFP","04 Feb 2021","35","5.75"
"MFP","04 Feb 2021","36","8.00"
"MFP","04 Feb 2021","37","13.48"
"MFP","04 Feb 2021","38","11.64"
"MFP","04 Feb 2021","39","8.73"
"MFP","04 Feb 2021","40","8.64"
"MFP","04 Feb 2021","41","8.00"
"MFP","04 Feb 2021","42","8.39"
"MFP","04 Feb 2021","43","8.00"
"MFP","04 Feb 2021","44","4.73"
"MFP","04 Feb 2021","45","3.48"
"MFP","04 Feb 2021","46","1.45"
"MFP","04 Feb 2021","47","1.28"
"MFP","04 Feb 2021","48","0.90"
"MFP","05 Feb 2021","1","1.00"
"MFP","05 Feb 2021","2","0.60"
"MFP","05 Feb 2021","3","0.50"
"MFP","05 Feb 2021","4","0.50"
"MFP","05 Feb 2021","5","0.50"
"MFP","05 Feb 2021","6","0.50"
"MFP","05 Feb 2021","7","0.50"
"MFP","05 Feb 2021","8","0.01"
"MFP","05 Feb 2021","9","0.01"
"MFP","05 Feb 2021","10","0.01"
"MFP","05 Feb 2021","11","0.50"
"MFP","05 Feb 2021","12","1.00"
"MFP","05 Feb 2021","13","1.20"
"MFP","05 Feb 2021","14","1.10"
"MFP","05 Feb 2021","15","1.33"
"MFP","05 Feb 2021","16","2.00"
"MFP","05 Feb 2021","17","8.00"
"MFP","05 Feb 2021","18","10.77"
"MFP","05 Feb 2021","19","8.00"
"MFP","05 Feb 2021","20","8.00"
"MFP","05 Feb 2021","21","8.00"
"MFP","05 Feb 2021","22","8.00"
"MFP","05 Feb 2021","23","8.00"
"MFP","05 Feb 2021","24","8.00"
"MFP","05 Feb 2021","25","8.00"
"MFP","05 Feb 2021","26","8.00"
"MFP","05 Feb 2021","27","9.88"
"MFP","05 Feb 2021","28","10.52"
"MFP","05 Feb 2021","29","8.00"
"MFP","05 Feb 2021","30","28.99"
"MFP","05 Feb 2021","31","28.99"
"MFP","05 Feb 2021","32","29.04"
"MFP","05 Feb 2021","33","28.99"
"MFP","05 Feb 2021","34","33.41"
"MFP","05 Feb 2021","35","25.32"
"MFP","05 Feb 2021","36","13.33"
"MFP","05 Feb 2021","37","14.02"
"MFP","05 Feb 2021","38","15.82"
"MFP","05 Feb 2021","39","16.88"
"MFP","05 Feb 2021","40","13.39"
"MFP","05 Feb 2021","41","12.18"
"MFP","05 Feb 2021","42","12.10"
"MFP","05 Feb 2021","43","10.12"
"MFP","05 Feb 2021","44","8.00"
"MFP","05 Feb 2021","45","3.21"
"MFP","05 Feb 2021","46","2.88"
"MFP","05 Feb 2021","47","1.00"
"MFP","05 Feb 2021","48","1.00"
"MFP","06 Feb 2021","1","1.52"
"MFP","06 Feb 2021","2","1.12"
"MFP","06 Feb 2021","3","0.82"
"MFP","06 Feb 2021","4","0.60"
"MFP","06 Feb 2021","5","0.56"
"MFP","06 Feb 2021","6","0.56"
"MFP","06 Feb 2021","7","0.56"
"MFP","06 Feb 2021","8","0.50"
"MFP","06 Feb 2021","9","0.50"
"MFP","06 Feb 2021","10","0.50"
"MFP","06 Feb 2021","11","0.60"
"MFP","06 Feb 2021","12","1.10"
"MFP","06 Feb 2021","13","1.28"
"MFP","06 Feb 2021","14","1.28"
"MFP","06 Feb 2021","15","8.00"
"MFP","06 Feb 2021","16","8.00"
"MFP","06 Feb 2021","17","8.00"
"MFP","06 Feb 2021","18","12.12"
"MFP","06 Feb 2021","19","12.29"
"MFP","06 Feb 2021","20","12.48"
"MFP","06 Feb 2021","21","23.19"
"MFP","06 Feb 2021","22","21.84"
"MFP","06 Feb 2021","23","23.15"
"MFP","06 Feb 2021","24","18.00"
"MFP","06 Feb 2021","25","15.88"
"MFP","06 Feb 2021","26","14.29"
"MFP","06 Feb 2021","27","14.39"
"MFP","06 Feb 2021","28","13.01"
"MFP","06 Feb 2021","29","13.01"
"MFP","06 Feb 2021","30","13.00"
"MFP","06 Feb 2021","31","12.14"
"MFP","06 Feb 2021","32","12.14"
"MFP","06 Feb 2021","33","12.12"
"MFP","06 Feb 2021","34","10.98"
"MFP","06 Feb 2021","35","11.64"
"MFP","06 Feb 2021","36","11.65"
"MFP","06 Feb 2021","37","13.05"
"MFP","06 Feb 2021","38","19.96"
"MFP","06 Feb 2021","39","15.88"
"MFP","06 Feb 2021","40","15.88"
"MFP","06 Feb 2021","41","14.25"
"MFP","06 Feb 2021","42","15.57"
"MFP","06 Feb 2021","43","12.03"
"MFP","06 Feb 2021","44","9.88"
"MFP","06 Feb 2021","45","7.29"
"MFP","06 Feb 2021","46","1.33"
"MFP","06 Feb 2021","47","3.47"
"MFP","06 Feb 2021","48","3.55"
"MFP","07 Feb 2021","1","5.75"
"MFP","07 Feb 2021","2","3.94"
"MFP","07 Feb 2021","3","1.20"
"MFP","07 Feb 2021","4","1.00"
"MFP","07 Feb 2021","5","1.00"
"MFP","07 Feb 2021","6","1.00"
"MFP","07 Feb 2021","7","1.00"
"MFP","07 Feb 2021","8","1.00"
"MFP","07 Feb 2021","9","1.00"
"MFP","07 Feb 2021","10","1.00"
"MFP","07 Feb 2021","11","1.10"
"MFP","07 Feb 2021","12","8.00"
"MFP","07 Feb 2021","13","10.00"
"MFP","07 Feb 2021","14","10.00"
"MFP","07 Feb 2021","15","10.00"
"MFP","07 Feb 2021","16","10.00"
"MFP","07 Feb 2021","17","10.00"
"MFP","07 Feb 2021","18","10.00"
"MFP","07 Feb 2021","19","10.00"
"MFP","07 Feb 2021","20","10.00"
"MFP","07 Feb 2021","21","13.33"
"MFP","07 Feb 2021","22","10.00"
"MFP","07 Feb 2021","23","10.00"
"MFP","07 Feb 2021","24","10.00"
"MFP","07 Feb 2021","25","10.00"
"MFP","07 Feb 2021","26","10.00"
"MFP","07 Feb 2021","27","10.48"
"MFP","07 Feb 2021","28","11.10"
"MFP","07 Feb 2021","29","11.50"
"MFP","07 Feb 2021","30","11.50"
"MFP","07 Feb 2021","31","10.76"
"MFP","07 Feb 2021","32","11.07"
"MFP","07 Feb 2021","33","11.09"
"MFP","07 Feb 2021","34","11.88"
"MFP","07 Feb 2021","35","12.12"
"MFP","07 Feb 2021","36","15.29"
"MFP","07 Feb 2021","37","19.88"
"MFP","07 Feb 2021","38","22.59"
"MFP","07 Feb 2021","39","31.87"
"MFP","07 Feb 2021","40","33.87"
"MFP","07 Feb 2021","41","20.88"
"MFP","07 Feb 2021","42","16.88"
"MFP","07 Feb 2021","43","12.12"
"MFP","07 Feb 2021","44","17.87"
"MFP","07 Feb 2021","45","11.07"
"MFP","07 Feb 2021","46","9.00"
"MFP","07 Feb 2021","47","8.00"
"MFP","07 Feb 2021","48","8.00"
"MFP","08 Feb 2021","1","1.00"
"MFP","08 Feb 2021","2","0.60"
"MFP","08 Feb 2021","3","0.56"
"MFP","08 Feb 2021","4","0.60"
"MFP","08 Feb 2021","5","0.56"
"MFP","08 Feb 2021","6","0.60"
"MFP","08 Feb 2021","7","0.56"
"MFP","08 Feb 2021","8","0.50"
"MFP","08 Feb 2021","9","0.50"
"MFP","08 Feb 2021","10","0.50"
"MFP","08 Feb 2021","11","0.60"
"MFP","08 Feb 2021","12","1.10"
"MFP","08 Feb 2021","13","1.73"
"MFP","08 Feb 2021","14","3.24"
"MFP","08 Feb 2021","15","11.43"
"MFP","08 Feb 2021","16","16.88"
"MFP","08 Feb 2021","17","33.33"
"MFP","08 Feb 2021","18","39.04"
"MFP","08 Feb 2021","19","49.54"
"MFP","08 Feb 2021","20","50.00"
"MFP","08 Feb 2021","21","184.97"
"MFP","08 Feb 2021","22","167.99"
"MFP","08 Feb 2021","23","174.99"
"MFP","08 Feb 2021","24","21.88"
"MFP","08 Feb 2021","25","11.69"
"MFP","08 Feb 2021","26","18.88"
"MFP","08 Feb 2021","27","29.88"
"MFP","08 Feb 2021","28","18.88"
"MFP","08 Feb 2021","29","16.88"
"MFP","08 Feb 2021","30","15.00"
"MFP","08 Feb 2021","31","13.33"
"MFP","08 Feb 2021","32","15.00"
"MFP","08 Feb 2021","33","13.33"
"MFP","08 Feb 2021","34","16.88"
"MFP","08 Feb 2021","35","15.00"
"MFP","08 Feb 2021","36","12.12"
"MFP","08 Feb 2021","37","12.12"
"MFP","08 Feb 2021","38","9.88"
"MFP","08 Feb 2021","39","9.88"
"MFP","08 Feb 2021","40","9.88"
"MFP","08 Feb 2021","41","9.03"
"MFP","08 Feb 2021","42","8.00"
"MFP","08 Feb 2021","43","3.49"
"MFP","08 Feb 2021","44","5.00"
"MFP","08 Feb 2021","45","1.20"
"MFP","08 Feb 2021","46","0.99"
"MFP","08 Feb 2021","47","1.00"
"MFP","08 Feb 2021","48","0.88"
"MFP","09 Feb 2021","1","1.88"
"MFP","09 Feb 2021","2","0.10"
"MFP","09 Feb 2021","3","0.10"
"MFP","09 Feb 2021","4","0.10"
"MFP","09 Feb 2021","5","0.10"
"MFP","09 Feb 2021","6","0.10"
"MFP","09 Feb 2021","7","0.10"
"MFP","09 Feb 2021","8","0.01"
"MFP","09 Feb 2021","9","0.01"
"MFP","09 Feb 2021","10","0.50"
"MFP","09 Feb 2021","11","0.10"
"MFP","09 Feb 2021","12","1.00"
"MFP","09 Feb 2021","13","3.49"
"MFP","09 Feb 2021","14","1.75"
"MFP","09 Feb 2021","15","3.10"
"MFP","09 Feb 2021","16","8.20"
"MFP","09 Feb 2021","17","12.12"
"MFP","09 Feb 2021","18","20.87"
"MFP","09 Feb 2021","19","8.49"
"MFP","09 Feb 2021","20","2.80"
"MFP","09 Feb 2021","21","3.65"
"MFP","09 Feb 2021","22","1.20"
"MFP","09 Feb 2021","23","4.00"
"MFP","09 Feb 2021","24","1.20"
"MFP","09 Feb 2021","25","1.20"
"MFP","09 Feb 2021","26","1.20"
"MFP","09 Feb 2021","27","1.88"
"MFP","09 Feb 2021","28","5.00"
"MFP","09 Feb 2021","29","7.12"
"MFP","09 Feb 2021","30","6.21"
"MFP","09 Feb 2021","31","1.28"
"MFP","09 Feb 2021","32","1.33"
"MFP","09 Feb 2021","33","6.81"
"MFP","09 Feb 2021","34","9.29"
"MFP","09 Feb 2021","35","1.95"
"MFP","09 Feb 2021","36","9.29"
"MFP","09 Feb 2021","37","9.24"
"MFP","09 Feb 2021","38","8.70"
"MFP","09 Feb 2021","39","8.70"
"MFP","09 Feb 2021","40","8.49"
"MFP","09 Feb 2021","41","2.00"
"MFP","09 Feb 2021","42","1.28"
"MFP","09 Feb 2021","43","12.72"
"MFP","09 Feb 2021","44","10.18"
"MFP","09 Feb 2021","45","8.00"
"MFP","09 Feb 2021","46","7.79"
"MFP","09 Feb 2021","47","1.20"
"MFP","09 Feb 2021","48","0.90"
"MFP","10 Feb 2021","1","1.20"
"MFP","10 Feb 2021","2","0.50"
"MFP","10 Feb 2021","3","0.50"
"MFP","10 Feb 2021","4","0.50"
"MFP","10 Feb 2021","5","0.01"
"MFP","10 Feb 2021","6","0.50"
"MFP","10 Feb 2021","7","0.50"
"MFP","10 Feb 2021","8","0.01"
"MFP","10 Feb 2021","9","0.01"
"MFP","10 Feb 2021","10","0.01"
"MFP","10 Feb 2021","11","0.50"
"MFP","10 Feb 2021","12","1.00"
"MFP","10 Feb 2021","13","1.20"
"MFP","10 Feb 2021","14","1.20"
"MFP","10 Feb 2021","15","7.66"
"MFP","10 Feb 2021","16","8.00"
"MFP","10 Feb 2021","17","11.22"
"MFP","10 Feb 2021","18","13.33"
"MFP","10 Feb 2021","19","14.05"
"MFP","10 Feb 2021","20","16.37"
"MFP","10 Feb 2021","21","23.00"
"MFP","10 Feb 2021","22","17.26"
"MFP","10 Feb 2021","23","20.88"
"MFP","10 Feb 2021","24","12.95"
"MFP","10 Feb 2021","25","9.51"
"MFP","10 Feb 2021","26","14.38"
"MFP","10 Feb 2021","27","21.99"
"MFP","10 Feb 2021","28","26.82"
"MFP","10 Feb 2021","29","33.52"
"MFP","10 Feb 2021","30","33.33"
"MFP","10 Feb 2021","31","32.12"
"MFP","10 Feb 2021","32","43.57"
"MFP","10 Feb 2021","33","198.02"
"MFP","10 Feb 2021","34","51.59"
"MFP","10 Feb 2021","35","35.78"
"MFP","10 Feb 2021","36","34.18"
"MFP","10 Feb 2021","37","34.88"
"MFP","10 Feb 2021","38","34.19"
"MFP","10 Feb 2021","39","20.72"
"MFP","10 Feb 2021","40","13.70"
"MFP","10 Feb 2021","41","9.76"
"MFP","10 Feb 2021","42","9.69"
"MFP","10 Feb 2021","43","10.19"
"MFP","10 Feb 2021","44","7.93"
"MFP","10 Feb 2021","45","7.41"
"MFP","10 Feb 2021","46","1.33"
"MFP","10 Feb 2021","47","1.00"
"MFP","10 Feb 2021","48","0.90"
"MFP","11 Feb 2021","1","1.20"
"MFP","11 Feb 2021","2","0.60"
"MFP","11 Feb 2021","3","0.50"
"MFP","11 Feb 2021","4","0.50"
"MFP","11 Feb 2021","5","0.50"
"MFP","11 Feb 2021","6","0.50"
"MFP","11 Feb 2021","7","0.50"
"MFP","11 Feb 2021","8","0.01"
"MFP","11 Feb 2021","9","0.01"
"MFP","11 Feb 2021","10","0.50"
"MFP","11 Feb 2021","11","0.50"
"MFP","11 Feb 2021","12","1.00"
"MFP","11 Feb 2021","13","1.20"
"MFP","11 Feb 2021","14","1.27"
"MFP","11 Feb 2021","15","7.59"
"MFP","11 Feb 2021","16","7.57"
"MFP","11 Feb 2021","17","10.09"
"MFP","11 Feb 2021","18","13.33"
"MFP","11 Feb 2021","19","9.14"
"MFP","11 Feb 2021","20","8.80"
"MFP","11 Feb 2021","21","8.84"
"MFP","11 Feb 2021","22","8.82"
"MFP","11 Feb 2021","23","9.02"
"MFP","11 Feb 2021","24","5.72"
"MFP","11 Feb 2021","25","5.73"
"MFP","11 Feb 2021","26","5.70"
"MFP","11 Feb 2021","27","6.18"
"MFP","11 Feb 2021","28","6.18"
"MFP","11 Feb 2021","29","6.99"
"MFP","11 Feb 2021","30","6.20"
"MFP","11 Feb 2021","31","5.80"
"MFP","11 Feb 2021","32","5.71"
"MFP","11 Feb 2021","33","7.02"
"MFP","11 Feb 2021","34","8.09"
"MFP","11 Feb 2021","35","8.09"
"MFP","11 Feb 2021","36","8.16"
"MFP","11 Feb 2021","37","12.98"
"MFP","11 Feb 2021","38","12.12"
"MFP","11 Feb 2021","39","11.72"
"MFP","11 Feb 2021","40","10.72"
"MFP","11 Feb 2021","41","10.41"
"MFP","11 Feb 2021","42","10.23"
"MFP","11 Feb 2021","43","11.25"
"MFP","11 Feb 2021","44","10.95"
"MFP","11 Feb 2021","45","9.99"
"MFP","11 Feb 2021","46","13.93"
"MFP","11 Feb 2021","47","12.14"
"MFP","11 Feb 2021","48","8.00"
"MFP","12 Feb 2021","1","3.86"
"MFP","12 Feb 2021","2","3.43"
"MFP","12 Feb 2021","3","2.87"
"MFP","12 Feb 2021","4","1.45"
"MFP","12 Feb 2021","5","1.33"
"MFP","12 Feb 2021","6","0.98"
"MFP","12 Feb 2021","7","1.02"
"MFP","12 Feb 2021","8","0.76"
"MFP","12 Feb 2021","9","0.76"
"MFP","12 Feb 2021","10","0.60"
"MFP","12 Feb 2021","11","0.88"
"MFP","12 Feb 2021","12","2.26"
"MFP","12 Feb 2021","13","8.00"
"MFP","12 Feb 2021","14","8.00"
"MFP","12 Feb 2021","15","8.00"
"MFP","12 Feb 2021","16","9.88"
"MFP","12 Feb 2021","17","12.55"
"MFP","12 Feb 2021","18","13.55"
"MFP","12 Feb 2021","19","12.46"
"MFP","12 Feb 2021","20","12.86"
"MFP","12 Feb 2021","21","11.47"
"MFP","12 Feb 2021","22","9.88"
"MFP","12 Feb 2021","23","9.88"
"MFP","12 Feb 2021","24","9.70"
"MFP","12 Feb 2021","25","9.88"
"MFP","12 Feb 2021","26","9.94"
"MFP","12 Feb 2021","27","9.97"
"MFP","12 Feb 2021","28","10.58"
"MFP","12 Feb 2021","29","10.50"
"MFP","12 Feb 2021","30","10.51"
"MFP","12 Feb 2021","31","10.39"
"MFP","12 Feb 2021","32","10.55"
"MFP","12 Feb 2021","33","11.05"
"MFP","12 Feb 2021","34","11.39"
"MFP","12 Feb 2021","35","11.07"
"MFP","12 Feb 2021","36","12.12"
"MFP","12 Feb 2021","37","15.01"
"MFP","12 Feb 2021","38","15.24"
"MFP","12 Feb 2021","39","15.88"
"MFP","12 Feb 2021","40","16.82"
"MFP","12 Feb 2021","41","16.71"
"MFP","12 Feb 2021","42","16.48"
"MFP","12 Feb 2021","43","16.33"
"MFP","12 Feb 2021","44","14.84"
"MFP","12 Feb 2021","45","13.32"
"MFP","12 Feb 2021","46","12.11"
"MFP","12 Feb 2021","47","8.00"
"MFP","12 Feb 2021","48","2.59"
"MFP","13 Feb 2021","1","3.73"
"MFP","13 Feb 2021","2","2.73"
"MFP","13 Feb 2021","3","1.57"
"MFP","13 Feb 2021","4","1.33"
"MFP","13 Feb 2021","5","1.20"
"MFP","13 Feb 2021","6","0.88"
"MFP","13 Feb 2021","7","0.88"
"MFP","13 Feb 2021","8","0.88"
"MFP","13 Feb 2021","9","4.90"
"MFP","13 Feb 2021","10","1.00"
"MFP","13 Feb 2021","11","1.20"
"MFP","13 Feb 2021","12","6.54"
"MFP","13 Feb 2021","13","8.00"
"MFP","13 Feb 2021","14","8.00"
"MFP","13 Feb 2021","15","10.49"
"MFP","13 Feb 2021","16","11.59"
"MFP","13 Feb 2021","17","12.55"
"MFP","13 Feb 2021","18","14.18"
"MFP","13 Feb 2021","19","11.83"
"MFP","13 Feb 2021","20","12.28"
"MFP","13 Feb 2021","21","11.41"
"MFP","13 Feb 2021","22","9.79"
"MFP","13 Feb 2021","23","8.64"
"MFP","13 Feb 2021","24","8.60"
"MFP","13 Feb 2021","25","9.11"
"MFP","13 Feb 2021","26","9.40"
"MFP","13 Feb 2021","27","10.40"
"MFP","13 Feb 2021","28","10.84"
"MFP","13 Feb 2021","29","10.89"
"MFP","13 Feb 2021","30","10.72"
"MFP","13 Feb 2021","31","11.00"
"MFP","13 Feb 2021","32","12.00"
"MFP","13 Feb 2021","33","12.08"
"MFP","13 Feb 2021","34","13.06"
"MFP","13 Feb 2021","35","13.06"
"MFP","13 Feb 2021","36","13.33"
"MFP","13 Feb 2021","37","14.54"
"MFP","13 Feb 2021","38","15.00"
"MFP","13 Feb 2021","39","17.87"
"MFP","13 Feb 2021","40","19.87"
"MFP","13 Feb 2021","41","19.87"
"MFP","13 Feb 2021","42","17.87"
"MFP","13 Feb 2021","43","16.88"
"MFP","13 Feb 2021","44","11.19"
"MFP","13 Feb 2021","45","10.49"
"MFP","13 Feb 2021","46","9.99"
"MFP","13 Feb 2021","47","9.99"
"MFP","13 Feb 2021","48","9.88"
"MFP","14 Feb 2021","1","9.88"
"MFP","14 Feb 2021","2","8.00"
"MFP","14 Feb 2021","3","5.49"
"MFP","14 Feb 2021","4","1.05"
"MFP","14 Feb 2021","5","0.88"
"MFP","14 Feb 2021","6","1.33"
"MFP","14 Feb 2021","7","4.84"
"MFP","14 Feb 2021","8","1.33"
"MFP","14 Feb 2021","9","1.20"
"MFP","14 Feb 2021","10","1.28"
"MFP","14 Feb 2021","11","0.88"
"MFP","14 Feb 2021","12","5.40"
"MFP","14 Feb 2021","13","8.34"
"MFP","14 Feb 2021","14","8.00"
"MFP","14 Feb 2021","15","10.49"
"MFP","14 Feb 2021","16","10.89"
"MFP","14 Feb 2021","17","13.33"
"MFP","14 Feb 2021","18","15.79"
"MFP","14 Feb 2021","19","12.40"
"MFP","14 Feb 2021","20","12.44"
"MFP","14 Feb 2021","21","12.05"
"MFP","14 Feb 2021","22","11.12"
"MFP","14 Feb 2021","23","11.33"
"MFP","14 Feb 2021","24","11.30"
"MFP","14 Feb 2021","25","11.60"
"MFP","14 Feb 2021","26","11.60"
"MFP","14 Feb 2021","27","12.57"
"MFP","14 Feb 2021","28","13.33"
"MFP","14 Feb 2021","29","13.33"
"MFP","14 Feb 2021","30","13.41"
"MFP","14 Feb 2021","31","13.04"
"MFP","14 Feb 2021","32","13.03"
"MFP","14 Feb 2021","33","13.04"
"MFP","14 Feb 2021","34","13.56"
"MFP","14 Feb 2021","35","15.46"
"MFP","14 Feb 2021","36","15.46"
"MFP","14 Feb 2021","37","16.70"
"MFP","14 Feb 2021","38","18.34"
"MFP","14 Feb 2021","39","24.68"
"MFP","14 Feb 2021","40","29.88"
"MFP","14 Feb 2021","41","38.57"
"MFP","14 Feb 2021","42","78.65"
"MFP","14 Feb 2021","43","60.47"
"MFP","14 Feb 2021","44","26.87"
"MFP","14 Feb 2021","45","13.32"
"MFP","14 Feb 2021","46","10.49"
"MFP","14 Feb 2021","47","10.49"
"MFP","14 Feb 2021","48","8.50"
"MFP","15 Feb 2021","1","3.92"
"MFP","15 Feb 2021","2","3.42"
"MFP","15 Feb 2021","3","1.83"
"MFP","15 Feb 2021","4","1.33"
"MFP","15 Feb 2021","5","1.10"
"MFP","15 Feb 2021","6","1.17"
"MFP","15 Feb 2021","7","1.05"
"MFP","15 Feb 2021","8","0.60"
"MFP","15 Feb 2021","9","0.86"
"MFP","15 Feb 2021","10","1.20"
"MFP","15 Feb 2021","11","1.17"
"MFP","15 Feb 2021","12","1.98"
"MFP","15 Feb 2021","13","10.93"
"MFP","15 Feb 2021","14","8.50"
"MFP","15 Feb 2021","15","10.49"
"MFP","15 Feb 2021","16","10.00"
"MFP","15 Feb 2021","17","10.34"
"MFP","15 Feb 2021","18","9.88"
"MFP","15 Feb 2021","19","8.71"
"MFP","15 Feb 2021","20","8.29"
"MFP","15 Feb 2021","21","7.79"
"MFP","15 Feb 2021","22","7.29"
"MFP","15 Feb 2021","23","7.79"
"MFP","15 Feb 2021","24","7.60"
"MFP","15 Feb 2021","25","7.60"
"MFP","15 Feb 2021","26","7.59"
"MFP","15 Feb 2021","27","8.19"
"MFP","15 Feb 2021","28","8.29"
"MFP","15 Feb 2021","29","9.57"
"MFP","15 Feb 2021","30","9.57"
"MFP","15 Feb 2021","31","8.49"
"MFP","15 Feb 2021","32","9.29"
"MFP","15 Feb 2021","33","9.99"
"MFP","15 Feb 2021","34","9.88"
"MFP","15 Feb 2021","35","9.30"
"MFP","15 Feb 2021","36","8.80"
"MFP","15 Feb 2021","37","10.49"
"MFP","15 Feb 2021","38","10.42"
"MFP","15 Feb 2021","39","9.97"
"MFP","15 Feb 2021","40","8.19"
"MFP","15 Feb 2021","41","7.40"
"MFP","15 Feb 2021","42","9.14"
"MFP","15 Feb 2021","43","9.88"
"MFP","15 Feb 2021","44","5.39"
"MFP","15 Feb 2021","45","7.08"
"MFP","15 Feb 2021","46","1.20"
"MFP","15 Feb 2021","47","1.00"
"MFP","15 Feb 2021","48","0.90"
"MFP","16 Feb 2021","1","0.88"
"MFP","16 Feb 2021","2","0.50"
"MFP","16 Feb 2021","3","0.01"
"MFP","16 Feb 2021","4","0.01"
"MFP","16 Feb 2021","5","0.01"
"MFP","16 Feb 2021","6","0.01"
"MFP","16 Feb 2021","7","0.01"
"MFP","16 Feb 2021","8","0.01"
"MFP","16 Feb 2021","9","0.01"
"MFP","16 Feb 2021","10","0.01"
"MFP","16 Feb 2021","11","0.10"
"MFP","16 Feb 2021","12","1.00"
"MFP","16 Feb 2021","13","1.20"
"MFP","16 Feb 2021","14","1.20"
"MFP","16 Feb 2021","15","1.20"
"MFP","16 Feb 2021","16","1.33"
"MFP","16 Feb 2021","17","1.28"
"MFP","16 Feb 2021","18","1.88"
"MFP","16 Feb 2021","19","8.00"
"MFP","16 Feb 2021","20","8.00"
"MFP","16 Feb 2021","21","8.00"
"MFP","16 Feb 2021","22","3.00"
"MFP","16 Feb 2021","23","8.00"
"MFP","16 Feb 2021","24","6.55"
"MFP","16 Feb 2021","25","6.55"
"MFP","16 Feb 2021","26","8.00"
"MFP","16 Feb 2021","27","8.00"
"MFP","16 Feb 2021","28","8.00"
"MFP","16 Feb 2021","29","8.00"
"MFP","16 Feb 2021","30","8.00"
"MFP","16 Feb 2021","31","8.00"
"MFP","16 Feb 2021","32","8.00"
"MFP","16 Feb 2021","33","6.22"
"MFP","16 Feb 2021","34","8.00"
"MFP","16 Feb 2021","35","8.00"
"MFP","16 Feb 2021","36","8.00"
"MFP","16 Feb 2021","37","14.22"
"MFP","16 Feb 2021","38","12.77"
"MFP","16 Feb 2021","39","9.88"
"MFP","16 Feb 2021","40","9.88"
"MFP","16 Feb 2021","41","8.00"
"MFP","16 Feb 2021","42","12.37"
"MFP","16 Feb 2021","43","7.48"
"MFP","16 Feb 2021","44","1.33"
"MFP","16 Feb 2021","45","1.10"
"MFP","16 Feb 2021","46","1.33"
"MFP","16 Feb 2021","47","1.00"
"MFP","16 Feb 2021","48","0.60"
"MFP","17 Feb 2021","1","0.90"
"MFP","17 Feb 2021","2","0.60"
"MFP","17 Feb 2021","3","0.50"
"MFP","17 Feb 2021","4","0.50"
"MFP","17 Feb 2021","5","0.10"
"MFP","17 Feb 2021","6","0.50"
"MFP","17 Feb 2021","7","0.50"
"MFP","17 Feb 2021","8","0.10"
"MFP","17 Feb 2021","9","0.10"
"MFP","17 Feb 2021","10","0.10"
"MFP","17 Feb 2021","11","0.50"
"MFP","17 Feb 2021","12","1.00"
"MFP","17 Feb 2021","13","1.33"
"MFP","17 Feb 2021","14","1.20"
"MFP","17 Feb 2021","15","9.88"
"MFP","17 Feb 2021","16","13.22"
"MFP","17 Feb 2021","17","11.06"
"MFP","17 Feb 2021","18","186.44"
"MFP","17 Feb 2021","19","234.00"
"MFP","17 Feb 2021","20","69.44"
"MFP","17 Feb 2021","21","69.30"
"MFP","17 Feb 2021","22","25.89"
"MFP","17 Feb 2021","23","16.17"
"MFP","17 Feb 2021","24","8.19"
"MFP","17 Feb 2021","25","8.00"
"MFP","17 Feb 2021","26","8.00"
"MFP","17 Feb 2021","27","8.29"
"MFP","17 Feb 2021","28","9.88"
"MFP","17 Feb 2021","29","8.00"
"MFP","17 Feb 2021","30","8.00"
"MFP","17 Feb 2021","31","8.00"
"MFP","17 Feb 2021","32","8.00"
"MFP","17 Feb 2021","33","1.88"
"MFP","17 Feb 2021","34","2.70"
"MFP","17 Feb 2021","35","2.00"
"MFP","17 Feb 2021","36","11.36"
"MFP","17 Feb 2021","37","15.88"
"MFP","17 Feb 2021","38","12.37"
"MFP","17 Feb 2021","39","12.12"
"MFP","17 Feb 2021","40","11.59"
"MFP","17 Feb 2021","41","10.00"
"MFP","17 Feb 2021","42","8.02"
"MFP","17 Feb 2021","43","9.83"
"MFP","17 Feb 2021","44","8.52"
"MFP","17 Feb 2021","45","9.03"
"MFP","17 Feb 2021","46","7.15"
"MFP","17 Feb 2021","47","1.00"
"MFP","17 Feb 2021","48","0.90"
"MFP","18 Feb 2021","1","0.12"
"MFP","18 Feb 2021","2","0.01"
"MFP","18 Feb 2021","3","0.01"
"MFP","18 Feb 2021","4","0.01"
"MFP","18 Feb 2021","5","0.01"
"MFP","18 Feb 2021","6","0.01"
"MFP","18 Feb 2021","7","0.01"
"MFP","18 Feb 2021","8","0.01"
"MFP","18 Feb 2021","9","0.01"
"MFP","18 Feb 2021","10","0.01"
"MFP","18 Feb 2021","11","0.01"
"MFP","18 Feb 2021","12","0.60"
"MFP","18 Feb 2021","13","1.00"
"MFP","18 Feb 2021","14","0.88"
"MFP","18 Feb 2021","15","1.00"
"MFP","18 Feb 2021","16","8.50"
"MFP","18 Feb 2021","17","8.52"
"MFP","18 Feb 2021","18","9.01"
"MFP","18 Feb 2021","19","11.07"
"MFP","18 Feb 2021","20","9.97"
"MFP","18 Feb 2021","21","11.02"
"MFP","18 Feb 2021","22","9.75"
"MFP","18 Feb 2021","23","9.46"
"MFP","18 Feb 2021","24","7.89"
"MFP","18 Feb 2021","25","6.27"
"MFP","18 Feb 2021","26","7.89"
"MFP","18 Feb 2021","27","9.36"
"MFP","18 Feb 2021","28","9.88"
"MFP","18 Feb 2021","29","9.71"
"MFP","18 Feb 2021","30","9.72"
"MFP","18 Feb 2021","31","8.52"
"MFP","18 Feb 2021","32","9.88"
"MFP","18 Feb 2021","33","8.52"
"MFP","18 Feb 2021","34","11.79"
"MFP","18 Feb 2021","35","8.97"
"MFP","18 Feb 2021","36","48.90"
"MFP","18 Feb 2021","37","50.00"
"MFP","18 Feb 2021","38","48.50"
"MFP","18 Feb 2021","39","49.04"
"MFP","18 Feb 2021","40","47.03"
"MFP","18 Feb 2021","41","21.70"
"MFP","18 Feb 2021","42","14.28"
"MFP","18 Feb 2021","43","12.66"
"MFP","18 Feb 2021","44","8.00"
"MFP","18 Feb 2021","45","5.20"
"MFP","18 Feb 2021","46","1.33"
"MFP","18 Feb 2021","47","1.33"
"MFP","18 Feb 2021","48","0.60"
"MFP","19 Feb 2021","1","1.20"
"MFP","19 Feb 2021","2","1.00"
"MFP","19 Feb 2021","3","0.90"
"MFP","19 Feb 2021","4","0.90"
"MFP","19 Feb 2021","5","0.90"
"MFP","19 Feb 2021","6","0.90"
"MFP","19 Feb 2021","7","0.90"
"MFP","19 Feb 2021","8","0.90"
"MFP","19 Feb 2021","9","0.90"
"MFP","19 Feb 2021","10","0.90"
"MFP","19 Feb 2021","11","1.00"
"MFP","19 Feb 2021","12","1.33"
"MFP","19 Feb 2021","13","7.80"
"MFP","19 Feb 2021","14","8.00"
"MFP","19 Feb 2021","15","9.69"
"MFP","19 Feb 2021","16","11.12"
"MFP","19 Feb 2021","17","11.02"
"MFP","19 Feb 2021","18","24.71"
"MFP","19 Feb 2021","19","17.92"
"MFP","19 Feb 2021","20","28.87"
"MFP","19 Feb 2021","21","12.12"
"MFP","19 Feb 2021","22","11.12"
"MFP","19 Feb 2021","23","10.95"
"MFP","19 Feb 2021","24","10.56"
"MFP","19 Feb 2021","25","8.00"
"MFP","19 Feb 2021","26","10.96"
"MFP","19 Feb 2021","27","11.71"
"MFP","19 Feb 2021","28","13.33"
"MFP","19 Feb 2021","29","16.88"
"MFP","19 Feb 2021","30","15.53"
"MFP","19 Feb 2021","31","13.33"
"MFP","19 Feb 2021","32","13.00"
"MFP","19 Feb 2021","33","13.88"
"MFP","19 Feb 2021","34","29.88"
"MFP","19 Feb 2021","35","17.88"
"MFP","19 Feb 2021","36","11.43"
"MFP","19 Feb 2021","37","17.28"
"MFP","19 Feb 2021","38","15.88"
"MFP","19 Feb 2021","39","30.80"
"MFP","19 Feb 2021","40","19.12"
"MFP","19 Feb 2021","41","14.70"
"MFP","19 Feb 2021","42","14.50"
"MFP","19 Feb 2021","43","11.50"
"MFP","19 Feb 2021","44","9.50"
"MFP","19 Feb 2021","45","8.23"
"MFP","19 Feb 2021","46","4.25"
"MFP","19 Feb 2021","47","2.70"
"MFP","19 Feb 2021","48","1.28"
"MFP","20 Feb 2021","1","1.20"
"MFP","20 Feb 2021","2","2.74"
"MFP","20 Feb 2021","3","0.88"
"MFP","20 Feb 2021","4","0.88"
"MFP","20 Feb 2021","5","0.60"
"MFP","20 Feb 2021","6","0.88"
"MFP","20 Feb 2021","7","0.60"
"MFP","20 Feb 2021","8","0.60"
"MFP","20 Feb 2021","9","0.60"
"MFP","20 Feb 2021","10","0.60"
"MFP","20 Feb 2021","11","0.90"
"MFP","20 Feb 2021","12","1.20"
"MFP","20 Feb 2021","13","1.28"
"MFP","20 Feb 2021","14","1.28"
"MFP","20 Feb 2021","15","3.50"
"MFP","20 Feb 2021","16","8.00"
"MFP","20 Feb 2021","17","7.83"
"MFP","20 Feb 2021","18","10.00"
"MFP","20 Feb 2021","19","9.52"
"MFP","20 Feb 2021","20","9.88"
"MFP","20 Feb 2021","21","11.33"
"MFP","20 Feb 2021","22","11.33"
"MFP","20 Feb 2021","23","11.23"
"MFP","20 Feb 2021","24","9.02"
"MFP","20 Feb 2021","25","6.56"
"MFP","20 Feb 2021","26","6.52"
"MFP","20 Feb 2021","27","8.46"
"MFP","20 Feb 2021","28","8.46"
"MFP","20 Feb 2021","29","6.62"
"MFP","20 Feb 2021","30","8.02"
"MFP","20 Feb 2021","31","6.52"
"MFP","20 Feb 2021","32","6.50"
"MFP","20 Feb 2021","33","6.40"
"MFP","20 Feb 2021","34","6.50"
"MFP","20 Feb 2021","35","6.62"
"MFP","20 Feb 2021","36","8.13"
"MFP","20 Feb 2021","37","9.96"
"MFP","20 Feb 2021","38","9.94"
"MFP","20 Feb 2021","39","10.38"
"MFP","20 Feb 2021","40","11.02"
"MFP","20 Feb 2021","41","8.98"
"MFP","20 Feb 2021","42","8.98"
"MFP","20 Feb 2021","43","10.37"
"MFP","20 Feb 2021","44","14.37"
"MFP","20 Feb 2021","45","11.55"
"MFP","20 Feb 2021","46","7.78"
"MFP","20 Feb 2021","47","7.97"
"MFP","20 Feb 2021","48","1.45"
"MFP","21 Feb 2021","1","6.04"
"MFP","21 Feb 2021","2","4.05"
"MFP","21 Feb 2021","3","3.37"
"MFP","21 Feb 2021","4","1.33"
"MFP","21 Feb 2021","5","0.90"
"MFP","21 Feb 2021","6","0.90"
"MFP","21 Feb 2021","7","0.90"
"MFP","21 Feb 2021","8","0.88"
"MFP","21 Feb 2021","9","0.90"
"MFP","21 Feb 2021","10","0.90"
"MFP","21 Feb 2021","11","0.90"
"MFP","21 Feb 2021","12","1.33"
"MFP","21 Feb 2021","13","2.70"
"MFP","21 Feb 2021","14","1.33"
"MFP","21 Feb 2021","15","8.99"
"MFP","21 Feb 2021","16","10.09"
"MFP","21 Feb 2021","17","9.88"
"MFP","21 Feb 2021","18","10.46"
"MFP","21 Feb 2021","19","9.59"
"MFP","21 Feb 2021","20","7.21"
"MFP","21 Feb 2021","21","9.88"
"MFP","21 Feb 2021","22","6.12"
"MFP","21 Feb 2021","23","6.15"
"MFP","21 Feb 2021","24","6.15"
"MFP","21 Feb 2021","25","7.53"
"MFP","21 Feb 2021","26","7.43"
"MFP","21 Feb 2021","27","9.88"
"MFP","21 Feb 2021","28","9.88"
"MFP","21 Feb 2021","29","9.88"
"MFP","21 Feb 2021","30","9.22"
"MFP","21 Feb 2021","31","8.78"
"MFP","21 Feb 2021","32","9.09"
"MFP","21 Feb 2021","33","8.99"
"MFP","21 Feb 2021","34","9.88"
"MFP","21 Feb 2021","35","8.98"
"MFP","21 Feb 2021","36","10.55"
"MFP","21 Feb 2021","37","15.78"
"MFP","21 Feb 2021","38","18.31"
"MFP","21 Feb 2021","39","26.16"
"MFP","21 Feb 2021","40","29.61"
"MFP","21 Feb 2021","41","37.80"
"MFP","21 Feb 2021","42","41.01"
"MFP","21 Feb 2021","43","33.33"
"MFP","21 Feb 2021","44","16.77"
"MFP","21 Feb 2021","45","12.59"
"MFP","21 Feb 2021","46","5.70"
"MFP","21 Feb 2021","47","1.20"
"MFP","21 Feb 2021","48","1.33"
"MFP","22 Feb 2021","1","4.68"
"MFP","22 Feb 2021","2","1.28"
"MFP","22 Feb 2021","3","1.00"
"MFP","22 Feb 2021","4","1.00"
"MFP","22 Feb 2021","5","1.00"
"MFP","22 Feb 2021","6","1.00"
"MFP","22 Feb 2021","7","1.00"
"MFP","22 Feb 2021","8","0.90"
"MFP","22 Feb 2021","9","1.00"
"MFP","22 Feb 2021","10","1.00"
"MFP","22 Feb 2021","11","1.00"
"MFP","22 Feb 2021","12","2.70"
"MFP","22 Feb 2021","13","8.00"
"MFP","22 Feb 2021","14","10.00"
"MFP","22 Feb 2021","15","9.73"
"MFP","22 Feb 2021","16","12.65"
"MFP","22 Feb 2021","17","31.49"
"MFP","22 Feb 2021","18","22.98"
"MFP","22 Feb 2021","19","31.59"
"MFP","22 Feb 2021","20","24.99"
"MFP","22 Feb 2021","21","24.00"
"MFP","22 Feb 2021","22","22.40"
"MFP","22 Feb 2021","23","14.12"
"MFP","22 Feb 2021","24","13.33"
"MFP","22 Feb 2021","25","12.12"
"MFP","22 Feb 2021","26","10.39"
"MFP","22 Feb 2021","27","24.00"
"MFP","22 Feb 2021","28","25.00"
"MFP","22 Feb 2021","29","23.90"
"MFP","22 Feb 2021","30","24.00"
"MFP","22 Feb 2021","31","22.50"
"MFP","22 Feb 2021","32","23.50"
"MFP","22 Feb 2021","33","182.99"
"MFP","22 Feb 2021","34","67.90"
"MFP","22 Feb 2021","35","23.00"
"MFP","22 Feb 2021","36","14.00"
"MFP","22 Feb 2021","37","20.11"
"MFP","22 Feb 2021","38","20.11"
"MFP","22 Feb 2021","39","14.83"
"MFP","22 Feb 2021","40","13.33"
"MFP","22 Feb 2021","41","10.79"
"MFP","22 Feb 2021","42","10.31"
"MFP","22 Feb 2021","43","8.29"
"MFP","22 Feb 2021","44","2.88"
"MFP","22 Feb 2021","45","1.28"
"MFP","22 Feb 2021","46","8.29"
"MFP","22 Feb 2021","47","7.68"
"MFP","22 Feb 2021","48","1.33"
"MFP","23 Feb 2021","1","1.28"
"MFP","23 Feb 2021","2","1.00"
"MFP","23 Feb 2021","3","0.90"
"MFP","23 Feb 2021","4","0.90"
"MFP","23 Feb 2021","5","0.90"
"MFP","23 Feb 2021","6","0.90"
"MFP","23 Feb 2021","7","0.90"
"MFP","23 Feb 2021","8","0.90"
"MFP","23 Feb 2021","9","0.90"
"MFP","23 Feb 2021","10","0.90"
"MFP","23 Feb 2021","11","1.00"
"MFP","23 Feb 2021","12","1.28"
"MFP","23 Feb 2021","13","8.00"
"MFP","23 Feb 2021","14","3.35"
"MFP","23 Feb 2021","15","8.00"
"MFP","23 Feb 2021","16","8.00"
"MFP","23 Feb 2021","17","9.88"
"MFP","23 Feb 2021","18","12.12"
"MFP","23 Feb 2021","19","28.99"
"MFP","23 Feb 2021","20","26.90"
"MFP","23 Feb 2021","21","28.88"
"MFP","23 Feb 2021","22","15.79"
"MFP","23 Feb 2021","23","25.50"
"MFP","23 Feb 2021","24","14.27"
"MFP","23 Feb 2021","25","8.00"
"MFP","23 Feb 2021","26","8.00"
"MFP","23 Feb 2021","27","12.12"
"MFP","23 Feb 2021","28","12.12"
"MFP","23 Feb 2021","29","13.51"
"MFP","23 Feb 2021","30","13.50"
"MFP","23 Feb 2021","31","12.12"
"MFP","23 Feb 2021","32","12.12"
"MFP","23 Feb 2021","33","12.62"
"MFP","23 Feb 2021","34","13.33"
"MFP","23 Feb 2021","35","17.98"
"MFP","23 Feb 2021","36","27.47"
"MFP","23 Feb 2021","37","28.99"
"MFP","23 Feb 2021","38","28.99"
"MFP","23 Feb 2021","39","33.43"
"MFP","23 Feb 2021","40","29.88"
"MFP","23 Feb 2021","41","26.26"
"MFP","23 Feb 2021","42","23.48"
"MFP","23 Feb 2021","43","14.21"
"MFP","23 Feb 2021","44","11.15"
"MFP","23 Feb 2021","45","9.88"
"MFP","23 Feb 2021","46","8.39"
"MFP","23 Feb 2021","47","5.45"
"MFP","23 Feb 2021","48","1.20"
"MFP","24 Feb 2021","1","1.20"
"MFP","24 Feb 2021","2","1.00"
"MFP","24 Feb 2021","3","0.90"
"MFP","24 Feb 2021","4","0.90"
"MFP","24 Feb 2021","5","0.90"
"MFP","24 Feb 2021","6","0.90"
"MFP","24 Feb 2021","7","0.90"
"MFP","24 Feb 2021","8","0.90"
"MFP","24 Feb 2021","9","0.90"
"MFP","24 Feb 2021","10","0.90"
"MFP","24 Feb 2021","11","1.00"
"MFP","24 Feb 2021","12","1.28"
"MFP","24 Feb 2021","13","2.70"
"MFP","24 Feb 2021","14","2.80"
"MFP","24 Feb 2021","15","10.17"
"MFP","24 Feb 2021","16","10.49"
"MFP","24 Feb 2021","17","14.28"
"MFP","24 Feb 2021","18","18.38"
"MFP","24 Feb 2021","19","17.18"
"MFP","24 Feb 2021","20","15.88"
"MFP","24 Feb 2021","21","16.14"
"MFP","24 Feb 2021","22","14.23"
"MFP","24 Feb 2021","23","14.39"
"MFP","24 Feb 2021","24","12.11"
"MFP","24 Feb 2021","25","8.00"
"MFP","24 Feb 2021","26","8.00"
"MFP","24 Feb 2021","27","12.12"
"MFP","24 Feb 2021","28","15.00"
"MFP","24 Feb 2021","29","13.36"
"MFP","24 Feb 2021","30","13.36"
"MFP","24 Feb 2021","31","12.12"
"MFP","24 Feb 2021","32","12.12"
"MFP","24 Feb 2021","33","12.12"
"MFP","24 Feb 2021","34","13.33"
"MFP","24 Feb 2021","35","9.88"
"MFP","24 Feb 2021","36","8.00"
"MFP","24 Feb 2021","37","15.88"
"MFP","24 Feb 2021","38","13.33"
"MFP","24 Feb 2021","39","12.12"
"MFP","24 Feb 2021","40","13.10"
"MFP","24 Feb 2021","41","12.12"
"MFP","24 Feb 2021","42","16.42"
"MFP","24 Feb 2021","43","12.82"
"MFP","24 Feb 2021","44","11.02"
"MFP","24 Feb 2021","45","9.88"
"MFP","24 Feb 2021","46","5.39"
"MFP","24 Feb 2021","47","8.48"
"MFP","24 Feb 2021","48","4.67"
"MFP","25 Feb 2021","1","6.88"
"MFP","25 Feb 2021","2","1.10"
"MFP","25 Feb 2021","3","1.00"
"MFP","25 Feb 2021","4","1.00"
"MFP","25 Feb 2021","5","1.00"
"MFP","25 Feb 2021","6","1.00"
"MFP","25 Feb 2021","7","1.00"
"MFP","25 Feb 2021","8","1.00"
"MFP","25 Feb 2021","9","1.00"
"MFP","25 Feb 2021","10","1.00"
"MFP","25 Feb 2021","11","3.96"
"MFP","25 Feb 2021","12","1.33"
"MFP","25 Feb 2021","13","8.00"
"MFP","25 Feb 2021","14","8.88"
"MFP","25 Feb 2021","15","10.46"
"MFP","25 Feb 2021","16","10.98"
"MFP","25 Feb 2021","17","18.88"
"MFP","25 Feb 2021","18","20.79"
"MFP","25 Feb 2021","19","15.62"
"MFP","25 Feb 2021","20","14.78"
"MFP","25 Feb 2021","21","15.00"
"MFP","25 Feb 2021","22","14.48"
"MFP","25 Feb 2021","23","14.16"
"MFP","25 Feb 2021","24","14.41"
"MFP","25 Feb 2021","25","12.76"
"MFP","25 Feb 2021","26","13.21"
"MFP","25 Feb 2021","27","28.78"
"MFP","25 Feb 2021","28","33.33"
"MFP","25 Feb 2021","29","41.31"
"MFP","25 Feb 2021","30","41.31"
"MFP","25 Feb 2021","31","34.88"
"MFP","25 Feb 2021","32","34.88"
"MFP","25 Feb 2021","33","183.49"
"MFP","25 Feb 2021","34","35.43"
"MFP","25 Feb 2021","35","32.88"
"MFP","25 Feb 2021","36","18.98"
"MFP","25 Feb 2021","37","28.01"
"MFP","25 Feb 2021","38","28.50"
"MFP","25 Feb 2021","39","33.33"
"MFP","25 Feb 2021","40","31.88"
"MFP","25 Feb 2021","41","24.22"
"MFP","25 Feb 2021","42","17.88"
"MFP","25 Feb 2021","43","17.88"
"MFP","25 Feb 2021","44","11.89"
"MFP","25 Feb 2021","45","10.46"
"MFP","25 Feb 2021","46","13.39"
"MFP","25 Feb 2021","47","10.46"
"MFP","25 Feb 2021","48","6.85"
"MFP","26 Feb 2021","1","6.00"
"MFP","26 Feb 2021","2","5.29"
"MFP","26 Feb 2021","3","1.33"
"MFP","26 Feb 2021","4","2.96"
"MFP","26 Feb 2021","5","2.96"
"MFP","26 Feb 2021","6","1.75"
"MFP","26 Feb 2021","7","0.50"
"MFP","26 Feb 2021","8","0.60"
"MFP","26 Feb 2021","9","0.01"
"MFP","26 Feb 2021","10","2.09"
"MFP","26 Feb 2021","11","5.29"
"MFP","26 Feb 2021","12","6.60"
"MFP","26 Feb 2021","13","7.00"
"MFP","26 Feb 2021","14","9.12"
"MFP","26 Feb 2021","15","10.49"
"MFP","26 Feb 2021","16","10.49"
"MFP","26 Feb 2021","17","24.46"
"MFP","26 Feb 2021","18","28.88"
"MFP","26 Feb 2021","19","15.88"
"MFP","26 Feb 2021","20","15.54"
"MFP","26 Feb 2021","21","26.85"
"MFP","26 Feb 2021","22","26.30"
"MFP","26 Feb 2021","23","22.76"
"MFP","26 Feb 2021","24","15.82"
"MFP","26 Feb 2021","25","14.36"
"MFP","26 Feb 2021","26","14.91"
"MFP","26 Feb 2021","27","22.75"
"MFP","26 Feb 2021","28","31.99"
"MFP","26 Feb 2021","29","33.99"
"MFP","26 Feb 2021","30","41.99"
"MFP","26 Feb 2021","31","34.40"
"MFP","26 Feb 2021","32","60.95"
"MFP","26 Feb 2021","33","37.99"
"MFP","26 Feb 2021","34","37.99"
"MFP","26 Feb 2021","35","33.89"
"MFP","26 Feb 2021","36","33.59"
"MFP","26 Feb 2021","37","38.04"
"MFP","26 Feb 2021","38","38.81"
"MFP","26 Feb 2021","39","32.39"
"MFP","26 Feb 2021","40","23.16"
"MFP","26 Feb 2021","41","15.01"
"MFP","26 Feb 2021","42","13.33"
"MFP","26 Feb 2021","43","13.33"
"MFP","26 Feb 2021","44","27.77"
"MFP","26 Feb 2021","45","17.84"
"MFP","26 Feb 2021","46","13.56"
"MFP","26 Feb 2021","47","9.88"
"MFP","26 Feb 2021","48","9.10"
"MFP","27 Feb 2021","1","15.88"
"MFP","27 Feb 2021","2","9.24"
"MFP","27 Feb 2021","3","8.00"
"MFP","27 Feb 2021","4","4.93"
"MFP","27 Feb 2021","5","2.17"
"MFP","27 Feb 2021","6","1.20"
"MFP","27 Feb 2021","7","1.20"
"MFP","27 Feb 2021","8","1.20"
"MFP","27 Feb 2021","9","1.20"
"MFP","27 Feb 2021","10","1.10"
"MFP","27 Feb 2021","11","1.28"
"MFP","27 Feb 2021","12","6.39"
"MFP","27 Feb 2021","13","8.00"
"MFP","27 Feb 2021","14","8.00"
"MFP","27 Feb 2021","15","9.10"
"MFP","27 Feb 2021","16","12.12"
"MFP","27 Feb 2021","17","29.88"
"MFP","27 Feb 2021","18","34.47"
"MFP","27 Feb 2021","19","33.33"
"MFP","27 Feb 2021","20","41.50"
"MFP","27 Feb 2021","21","43.24"
"MFP","27 Feb 2021","22","16.78"
"MFP","27 Feb 2021","23","16.78"
"MFP","27 Feb 2021","24","10.31"
"MFP","27 Feb 2021","25","10.99"
"MFP","27 Feb 2021","26","10.31"
"MFP","27 Feb 2021","27","10.31"
"MFP","27 Feb 2021","28","8.99"
"MFP","27 Feb 2021","29","26.62"
"MFP","27 Feb 2021","30","16.88"
"MFP","27 Feb 2021","31","15.88"
"MFP","27 Feb 2021","32","15.43"
"MFP","27 Feb 2021","33","15.56"
"MFP","27 Feb 2021","34","16.43"
"MFP","27 Feb 2021","35","16.88"
"MFP","27 Feb 2021","36","17.19"
"MFP","27 Feb 2021","37","41.32"
"MFP","27 Feb 2021","38","46.65"
"MFP","27 Feb 2021","39","46.34"
"MFP","27 Feb 2021","40","61.63"
"MFP","27 Feb 2021","41","43.63"
"MFP","27 Feb 2021","42","44.91"
"MFP","27 Feb 2021","43","36.83"
"MFP","27 Feb 2021","44","31.82"
"MFP","27 Feb 2021","45","26.34"
"MFP","27 Feb 2021","46","14.23"
"MFP","27 Feb 2021","47","10.05"
"MFP","27 Feb 2021","48","11.16"
"MFP","28 Feb 2021","1","15.88"
"MFP","28 Feb 2021","2","10.12"
"MFP","28 Feb 2021","3","7.87"
"MFP","28 Feb 2021","4","6.48"
"MFP","28 Feb 2021","5","1.00"
"MFP","28 Feb 2021","6","1.00"
"MFP","28 Feb 2021","7","1.00"
"MFP","28 Feb 2021","8","1.00"
"MFP","28 Feb 2021","9","1.00"
"MFP","28 Feb 2021","10","1.00"
"MFP","28 Feb 2021","11","1.00"
"MFP","28 Feb 2021","12","1.33"
"MFP","28 Feb 2021","13","9.06"
"MFP","28 Feb 2021","14","9.12"
"MFP","28 Feb 2021","15","9.12"
"MFP","28 Feb 2021","16","9.88"
"MFP","28 Feb 2021","17","18.88"
"MFP","28 Feb 2021","18","21.89"
"MFP","28 Feb 2021","19","17.89"
"MFP","28 Feb 2021","20","13.33"
"MFP","28 Feb 2021","21","12.12"
"MFP","28 Feb 2021","22","10.96"
"MFP","28 Feb 2021","23","11.02"
"MFP","28 Feb 2021","24","10.96"
"MFP","28 Feb 2021","25","10.16"
"MFP","28 Feb 2021","26","10.46"
"MFP","28 Feb 2021","27","13.33"
"MFP","28 Feb 2021","28","12.12"
"MFP","28 Feb 2021","29","12.12"
"MFP","28 Feb 2021","30","12.12"
"MFP","28 Feb 2021","31","12.12"
"MFP","28 Feb 2021","32","12.15"
"MFP","28 Feb 2021","33","12.51"
"MFP","28 Feb 2021","34","13.04"
"MFP","28 Feb 2021","35","13.33"
"MFP","28 Feb 2021","36","21.81"
"MFP","28 Feb 2021","37","40.32"
"MFP","28 Feb 2021","38","38.45"
"MFP","28 Feb 2021","39","41.70"
"MFP","28 Feb 2021","40","43.50"
"MFP","28 Feb 2021","41","45.99"
"MFP","28 Feb 2021","42","48.04"
"MFP","28 Feb 2021","43","35.41"
"MFP","28 Feb 2021","44","28.60"
"MFP","28 Feb 2021","45","23.10"
"MFP","28 Feb 2021","46","12.12"
"MFP","28 Feb 2021","47","9.88"
"MFP","28 Feb 2021","48","1.44"
